time/total_timesteps,time/iterations,time/time_elapsed,time/fps,train/reward,train/explained_variance,train/entropy_loss,train/value_loss,train/learning_rate,train/policy_gradient_loss,train/clip_fraction,train/loss,train/n_updates,train/std,train/clip_range,train/approx_kl
512,1,0,527,-1.5112835,,,,,,,,,,,
1024,2,2,494,-0.27902216,0.00044524669647216797,-14.191457295417786,7.264820694923401,0.00025,-0.010621472517959774,0.1115234375,3.5729830265045166,10,1.0002131462097168,0.2,0.008846759
1536,3,3,484,0.5100599,0.006075084209442139,-14.192236995697021,70.92294311523438,0.00025,-0.002778990939259529,0.0,31.930618286132812,20,1.0004470348358154,0.2,0.0010736987
2048,4,4,482,2.4349566,0.000587165355682373,-14.194318795204163,63.783542728424074,0.00025,-0.011052672541700304,0.0404296875,32.40872573852539,30,1.0004796981811523,0.2,0.010209536
2560,5,5,480,7.129058,-0.05704319477081299,-14.195582270622253,24.657703495025636,0.00025,-0.008448701654560863,0.0123046875,12.419620513916016,40,1.0007429122924805,0.2,0.0050365925
3072,6,6,478,-0.11762899,0.0013607144355773926,-14.197449612617493,427.2093681335449,0.00025,-0.004271952074486762,0.0001953125,228.54461669921875,50,1.0009284019470215,0.2,0.0015996036
3584,7,7,478,-1.461326,-0.004946708679199219,-14.199585723876954,258.54333724975584,0.00025,-0.006693477812223137,0.00546875,114.75806427001953,60,1.001165509223938,0.2,0.0036005946
4096,8,8,479,0.3280498,-0.056813955307006836,-14.20530161857605,41.39401597976685,0.00025,-0.009978390147443861,0.03515625,15.909502029418945,70,1.0021241903305054,0.2,0.009687744
4608,9,9,474,2.2545629,0.0020249485969543457,-14.214227223396302,305.73202056884764,0.00025,-0.012057662755250931,0.0666015625,124.82616424560547,80,1.0028504133224487,0.2,0.013620636
5120,10,10,475,0.07070475,-0.014465570449829102,-14.21909248828888,189.7098529815674,0.00025,-0.002783763548359275,0.0,80.78923797607422,90,1.0031262636184692,0.2,0.0015870372
5632,11,11,475,0.4629182,-0.014638662338256836,-14.221128749847413,64.1969072341919,0.00025,-0.002399801183491945,0.0,30.611385345458984,100,1.003241777420044,0.2,0.00064410525
6144,12,12,475,3.03192,0.01088714599609375,-14.222258615493775,216.1616226196289,0.00025,-0.0025362197950016705,0.0,122.61021423339844,110,1.0033681392669678,0.2,0.00043415802
6656,13,13,475,3.0824413,-0.01702570915222168,-14.223163628578186,428.3066040039063,0.00025,-0.005061033787205816,0.0,162.14488220214844,120,1.003422737121582,0.2,0.0015872013
7168,14,15,475,4.714495,-0.0202256441116333,-14.221877408027648,56.821510791778564,0.00025,-0.010661531891673803,0.0154296875,26.124095916748047,130,1.0029693841934204,0.2,0.0066868104
7680,15,16,474,-1.9610847,-0.02139568328857422,-14.218371391296387,197.3983528137207,0.00025,-0.007370993122458458,0.0017578125,74.02641296386719,140,1.002955675125122,0.2,0.0037987577
8192,16,17,474,-0.8481579,-0.003917098045349121,-14.22328941822052,187.381921005249,0.00025,-0.015586713224183767,0.065234375,99.72052001953125,150,1.004004716873169,0.2,0.013638508
8704,17,18,474,-3.7833486,-0.026632189750671387,-14.229002118110657,68.25683565139771,0.00025,-0.007459072367055342,0.009765625,29.016754150390625,160,1.0037423372268677,0.2,0.0046250597
9216,18,19,474,-1.6263579,0.00287473201751709,-14.224977588653564,556.6641227722168,0.00025,-0.0037721310975030063,0.0,202.0838165283203,170,1.0034997463226318,0.2,0.00086910115
9728,19,20,471,0.08500724,-0.03333258628845215,-14.2264328956604,44.360950231552124,0.00025,-0.010045805294066668,0.053515625,24.25861358642578,180,1.0042295455932617,0.2,0.011169366
10240,20,21,471,-0.11399112,-0.0005937814712524414,-14.235381412506104,129.76055812835693,0.00025,-0.00538949070032686,0.0017578125,66.99568176269531,190,1.004875898361206,0.2,0.0026666673
10752,21,22,471,-0.3812518,0.002285003662109375,-14.238728594779968,678.8460922241211,0.00025,-0.010994947771541775,0.032421875,452.8997802734375,200,1.0048363208770752,0.2,0.009119541
11264,22,23,471,0.20154756,-0.03586697578430176,-14.235513377189637,22.943599939346313,0.00025,-0.015878693177364768,0.0865234375,11.09928035736084,210,1.0045619010925293,0.2,0.012191263
11776,23,25,470,-0.5679296,-0.007842421531677246,-14.235656452178954,105.1216033935547,0.00025,-0.006141126528382302,0.01171875,48.08621597290039,220,1.0047681331634521,0.2,0.005854197
12288,24,26,470,4.239033,0.0036429762840270996,-14.238930821418762,312.9708740234375,0.00025,-0.005239317216910422,0.0046875,199.25616455078125,230,1.005233883857727,0.2,0.0036694356
12800,25,27,470,-2.5589833,0.0037199854850769043,-14.23930311203003,44.55918111801147,0.00025,-0.017733527242671698,0.087109375,23.775875091552734,240,1.004546880722046,0.2,0.012654115
13312,26,28,470,1.2705628,-0.01984107494354248,-14.234232521057129,114.61543579101563,0.00025,-0.007520856114570052,0.0060546875,48.22831344604492,250,1.0046371221542358,0.2,0.0033293674
13824,27,29,471,-0.49187633,-0.03949880599975586,-14.236482167243958,261.76060447692873,0.00025,-0.005653075408190489,0.0015625,175.04161071777344,260,1.0048353672027588,0.2,0.002926982
14336,28,30,471,-3.8253524,-0.017643451690673828,-14.237573480606079,80.90352201461792,0.00025,-0.00985501756076701,0.017578125,44.62928771972656,270,1.0048134326934814,0.2,0.006983745
14848,29,31,469,1.8069216,0.001347661018371582,-14.240971732139588,249.85693130493163,0.00025,-0.011828223522752524,0.0626953125,113.64209747314453,280,1.0057603120803833,0.2,0.011385193
15360,30,32,468,1.4296758,-0.011497735977172852,-14.248649287223817,447.1411735534668,0.00025,-0.0014060374582186342,0.0123046875,179.55393981933594,290,1.0061280727386475,0.2,0.004326436
15872,31,33,467,-0.5538761,0.0008956789970397949,-14.249175405502319,77.8135362625122,0.00025,-0.012671729153953492,0.060546875,34.21352767944336,300,1.0059072971343994,0.2,0.010778469
16384,32,35,465,-0.6827535,0.0048340559005737305,-14.250758361816406,170.3831401824951,0.00025,-0.011575130152050406,0.0373046875,88.91757202148438,310,1.006596565246582,0.2,0.008167021
16896,33,36,464,4.8129144,-0.0009160041809082031,-14.256269192695617,284.8373107910156,0.00025,-0.01640505571849644,0.0734375,149.8120574951172,320,1.006823182106018,0.2,0.012468266
17408,34,37,463,-6.223777,0.005500197410583496,-14.256932044029236,89.28299751281739,0.00025,-0.008443863433785736,0.0140625,46.05546569824219,330,1.006854772567749,0.2,0.0056532603
17920,35,38,463,0.6958936,0.007883548736572266,-14.25739598274231,198.07332344055175,0.00025,-0.004336445964872837,0.0,86.75186157226562,340,1.0069376230239868,0.2,0.0012554353
18432,36,39,463,2.5602522,-0.00652003288269043,-14.263431215286255,121.80102682113647,0.00025,-0.014919217862188815,0.071875,60.68000411987305,350,1.008067011833191,0.2,0.010690829
18944,37,40,463,-0.4551761,-0.027913212776184082,-14.272663497924805,106.37024955749511,0.00025,-0.011638843384571374,0.034375,48.31367492675781,360,1.008664608001709,0.2,0.008221167
19456,38,41,464,-5.395011,0.021174967288970947,-14.274961829185486,222.91392860412597,0.00025,-0.0073302305187098685,0.0064453125,127.2996597290039,370,1.0085124969482422,0.2,0.0043137446
19968,39,42,465,2.2173781,0.019821763038635254,-14.282171154022217,41.28087558746338,0.00025,-0.014366678916849196,0.096875,19.23047637939453,380,1.0107783079147339,0.2,0.011365323
20480,40,43,465,-0.90813196,-0.009758472442626953,-14.302069473266602,184.9861011505127,0.00025,-0.013308679056353866,0.054296875,90.50177001953125,390,1.0121229887008667,0.2,0.0106243715
