time/iterations,time/total_timesteps,time/fps,time/time_elapsed,train/learning_rate,train/policy_gradient_loss,train/approx_kl,train/std,train/n_updates,train/loss,train/explained_variance,train/value_loss,train/clip_range,train/clip_fraction,train/entropy_loss
1,512,116,4,,,,,,,,,,,
2,1024,54,18,0.00025,-0.09099328713491558,0.03753755,1.0004931688308716,10,-0.2682056427001953,-0.06668329238891602,2.9021145060658453,0.2,0.3666015625,-42.575202751159665
3,1536,45,33,0.00025,-0.05580971681047231,0.027792633,1.0008536577224731,20,-0.02223217487335205,0.1857203245162964,5.148706513643265,0.2,0.2578125,-42.5880690574646
4,2048,42,48,0.00025,-0.07094733302947134,0.04669057,1.0010699033737183,30,-0.20433956384658813,0.13959503173828125,2.82526181936264,0.2,0.319140625,-42.59570846557617
5,2560,40,63,0.00025,-0.07528221996035427,0.045820516,1.001630425453186,40,-0.3779650032520294,0.4876381754875183,2.4950938925147055,0.2,0.30859375,-42.60756139755249
6,3072,39,78,0.00025,-0.03226106639485806,0.03253433,1.0018346309661865,50,0.11867541074752808,0.46814268827438354,9.2842542886734,0.2,0.23984375,-42.62056455612183
7,3584,38,93,0.00025,-0.009763604262843728,0.02863907,1.0021109580993652,60,0.9157921075820923,0.3259192705154419,14.077865713834763,0.2,0.18046875,-42.62491865158081
8,4096,37,110,0.00025,-0.08232293953187764,0.05097817,1.0028321743011475,70,-0.45936331152915955,0.8559420555830002,0.9779284872114659,0.2,0.3984375,-42.640599155426024
9,4608,36,125,0.00025,-0.04491099485894665,0.037719022,1.0033310651779175,80,-0.261719673871994,0.7131817042827606,3.781508243083954,0.2,0.269140625,-42.656657695770264
10,5120,36,139,0.00025,-0.03292867097770795,0.039075665,1.0034829378128052,90,0.37915611267089844,0.5402162969112396,7.62501015663147,0.2,0.275,-42.6695219039917
11,5632,36,155,0.00025,-0.07312621215824038,0.06983446,1.0038721561431885,100,-0.46804308891296387,0.866928368806839,0.9068786889314652,0.2,0.4376953125,-42.677121925354
12,6144,35,171,0.00025,-0.05618878852110356,0.043581024,1.0041719675064087,110,-0.24999991059303284,0.7813356965780258,3.1184572696685793,0.2,0.32578125,-42.68378868103027
13,6656,35,186,0.00025,-0.029223223763983695,0.02965967,1.0048432350158691,120,0.36724573373794556,0.7435109615325928,9.781762692332268,0.2,0.2177734375,-42.70072574615479
14,7168,35,201,0.00025,-0.07605774253606797,0.07407302,1.0065993070602417,130,-0.43740493059158325,0.8895906656980515,1.0294508222490548,0.2,0.438671875,-42.734709644317626
15,7680,35,215,0.00025,-0.018509079120121896,0.027651055,1.0073312520980835,140,0.20170962810516357,0.8286011517047882,7.845104041695595,0.2,0.2716796875,-42.77784957885742
16,8192,35,230,0.00025,-0.06202414033468813,0.044948496,1.0078378915786743,150,-0.181637704372406,0.8862677365541458,2.7724170967936517,0.2,0.2958984375,-42.794359874725345
17,8704,35,245,0.00025,-0.07186383318621666,0.06331158,1.0077887773513794,160,-0.41087934374809265,0.8619459122419357,1.6402180843055247,0.2,0.3734375,-42.80120964050293
18,9216,35,260,0.00025,-0.014200717979110777,0.045681637,1.007992148399353,170,0.3007046580314636,0.8757910802960396,10.624890226125718,0.2,0.3087890625,-42.800536441802976
19,9728,34,279,0.00025,-0.07419669601367787,0.059613924,1.0084840059280396,180,-0.36490491032600403,0.7610076516866684,1.6215139709413051,0.2,0.4189453125,-42.810998153686526
20,10240,34,297,0.00025,-0.05889835533453151,0.053137228,1.0090172290802002,190,-0.3529297709465027,0.8573132455348969,2.24371734932065,0.2,0.35078125,-42.82482204437256
21,10752,34,313,0.00025,-0.021604660467710347,0.03917529,1.0093365907669067,200,0.13776743412017822,0.8671363592147827,9.676780951023101,0.2,0.3404296875,-42.83987445831299
22,11264,34,330,0.00025,-0.08907076104078442,0.09660595,1.0112022161483765,210,-0.4948233366012573,0.8923328071832657,0.8183737963438034,0.2,0.51171875,-42.86327571868897
23,11776,33,347,0.00025,-0.038210224849171935,0.042860705,1.0117851495742798,220,-0.29562807083129883,0.8328531980514526,3.287148317694664,0.2,0.3201171875,-42.9140287399292
24,12288,33,362,0.00025,-0.019712709332816304,0.04984818,1.011995792388916,230,-0.20569613575935364,0.6229166388511658,6.180940890312195,0.2,0.3109375,-42.917774772644044
25,12800,33,379,0.00025,-0.08753711364697665,0.084824145,1.0146114826202393,240,-0.4722175896167755,0.9567827470600605,0.5531505145132541,0.2,0.4833984375,-42.956104850769044
26,13312,33,395,0.00025,-0.06420567594468593,0.065762214,1.01506769657135,250,-0.3944990634918213,0.9339939579367638,1.429508601874113,0.2,0.437109375,-43.0111044883728
27,13824,33,411,0.00025,-0.0459187951637432,0.06810673,1.0166078805923462,260,-0.39670437574386597,0.767117440700531,1.8953210942447185,0.2,0.3564453125,-43.02802801132202
28,14336,33,427,0.00025,-0.08652637338964268,0.09072411,1.018927812576294,270,-0.4982713460922241,0.9706348478794098,0.3527014898136258,0.2,0.475390625,-43.095020580291745
29,14848,33,444,0.00025,-0.07787593647371978,0.07035787,1.0193934440612793,280,-0.3861367404460907,0.9020896553993225,1.0393364120274782,0.2,0.4466796875,-43.13585166931152
30,15360,33,461,0.00025,-0.06822045827284455,0.07565722,1.0198793411254883,290,-0.45290786027908325,0.8179257661104202,1.2270418785512447,0.2,0.3990234375,-43.1404465675354
31,15872,33,479,0.00025,-0.08515554298646748,0.10362875,1.0229473114013672,300,-0.4777628779411316,0.9322732165455818,0.6945471722632647,0.2,0.5384765625,-43.19332714080811
32,16384,32,496,0.00025,-0.0675430147384759,0.08549839,1.0238555669784546,310,-0.4088449478149414,0.90933558344841,0.9439735285937786,0.2,0.4453125,-43.262717628479
33,16896,32,513,0.00025,-0.07731007770635187,0.120738745,1.0247074365615845,320,-0.4356265068054199,0.849041074514389,0.7500389628112316,0.2,0.479296875,-43.27827682495117
34,17408,32,530,0.00025,-0.08692072881385685,0.08651754,1.0266859531402588,330,-0.49517524242401123,0.97823784686625,0.3902725227177143,0.2,0.4935546875,-43.32040100097656
35,17920,32,547,0.00025,-0.08332443170947954,0.09640684,1.0287680625915527,340,-0.47570210695266724,0.8986934497952461,0.45733333453536035,0.2,0.50625,-43.38310480117798
36,18432,32,565,0.00025,-0.10013647694140673,0.14405069,1.0305873155593872,350,-0.507463276386261,0.925712339580059,0.4380294900387526,0.2,0.5671875,-43.43560743331909
37,18944,32,583,0.00025,-0.07723248670808971,0.087914884,1.0336899757385254,360,-0.50779789686203,0.9510031677782536,0.6810533152893186,0.2,0.473046875,-43.50954933166504
38,19456,32,598,0.00025,-0.07325297386851162,0.094189644,1.035189151763916,370,-0.3764476776123047,0.8183717429637909,1.1981257505714893,0.2,0.4578125,-43.5783034324646
39,19968,32,615,0.00025,-0.09292902287561447,0.1440254,1.0378735065460205,380,-0.4970567226409912,0.9392741471529007,0.4272955026477575,0.2,0.5568359375,-43.6303165435791
40,20480,32,631,0.00025,-0.02381927570095286,0.06505625,1.0393122434616089,390,0.2017819583415985,0.7909611910581589,6.669288629293442,0.2,0.4044921875,-43.700868701934816
