date,ppo,a2c,td3,sac,ddpg,ppo_lstm,ppo_mamba,buy_hold
2024-01-02,1000000.0,1000000.0,1000000.0,1000000.0,1000000.0,1000000.0,1000000.0,999003.871361496
2024-01-03,999464.3899738314,989290.06503759,997880.5423450472,999454.873610982,996717.3375785827,998334.3846057653,996972.8844701995,982467.740496399
2024-01-04,999413.114612152,982178.0445780028,999645.0096624374,999430.9492949754,994200.4219390869,998012.1934026872,996971.8344801376,982184.4002559205
2024-01-05,998845.9810946406,965947.5080410612,995671.0642133713,998890.0201908676,991889.1684749601,996995.9899562497,995060.6761641615,977719.0373294373
2024-01-08,998859.1543354586,966789.913838562,998800.5324577332,998945.8544402032,991157.378726196,997667.2428446754,994065.8211881007,978631.3119571229
2024-01-09,999211.9783299752,974408.3015105552,1008853.8124286652,999321.5826371044,987068.6892879483,998035.920233328,997433.8402152194,976346.8785312196
2024-01-10,998761.8804124644,961248.655287758,1007338.0592000962,998931.1605954546,987479.159686279,998275.2325626165,994049.8353999555,972526.045468094
2024-01-11,998267.9978978444,972732.6258447838,1015134.2837624894,998564.7768008532,989990.1962875363,998076.3954171103,997121.4794938716,975234.5839355012
2024-01-12,998549.1903205016,971863.5084016724,1011062.4622771684,998849.3201172024,988153.1282395321,994404.6574081096,1000403.2612852362,974723.3839213868
2024-01-15,998449.7893314324,975358.4959027416,1016763.6925094072,999452.882933934,984389.6463883168,995017.3784457094,1000100.0393290452,975866.3329799195
2024-01-16,993912.8483816052,969913.9750601704,1012687.2651870194,995503.1227129544,976781.0503250691,986749.1157360346,986158.5957705564,964605.7446429749
2024-01-17,990503.7450174028,955082.117016778,997505.385288948,991358.9941920176,960413.4410217549,982095.1581781122,971830.1877755421,948820.6985480805
2024-01-18,993309.2577129191,948925.301174634,992322.9788558426,993808.2741427784,950696.124345638,987898.6310377467,980019.8181281432,949280.6422469636
2024-01-19,1000918.6236304973,975597.4520238345,1027980.591236824,1000715.6346387968,992913.0518568989,1012761.958153271,1005397.3091604356,966581.1776340028
2024-01-22,1001998.8518931412,1009922.9183219186,1051256.7425582353,1000250.2893138313,1018110.3297432439,1014867.9985308001,1029173.7144134368,976733.5561320801
2024-01-23,1001070.634349528,988938.9919019892,1036312.8928039016,999465.0849695328,1020895.2846579168,1016931.0032997401,1024947.3209498833,978104.3752906342
2024-01-24,1003945.0708734712,986125.5750978184,1035654.3135726396,1002792.1042752704,1011191.6347784612,1014101.8061254179,1028125.0119116878,976033.7864902039
2024-01-25,1007257.0825293032,981426.712004923,1038610.6746871414,1006317.6661614464,1013657.2343039128,1025487.3479510482,1027951.9690870112,979424.9327018281
2024-01-26,1005074.268781764,973796.2735426618,1027731.3544661942,1002842.4587382278,1003513.3101782415,1019630.0665419067,1022951.7751155042,976315.8716666718
2024-01-29,1008240.5043429688,989177.8897902662,1037237.4667785112,1005470.9002020388,1020728.2494635198,1027863.3903067077,1035753.4371362466,985031.7089469453
2024-01-30,1011306.0421341924,984199.9645833588,1036591.5879638138,1007374.1368704634,1022230.3978399846,1021923.9549658264,1060025.2835912218,982450.995234253
2024-01-31,1010307.9562717924,996932.275179676,1052195.2527129594,1008206.635137763,1008846.4933981511,1012694.7518255676,1056277.9190148439,981020.9477012177
2024-02-01,1002509.9646957142,1012214.3958258784,1054623.4132049028,999902.1346405554,1013935.966863117,1015438.4203627075,1032792.5414900883,982214.9794261475
2024-02-02,1006138.6089268256,1036637.1065248376,1074393.792561287,1002304.597267475,1029559.7059607122,1025123.991613623,1048480.0173022375,986997.2911498566
2024-02-05,1006215.2247854128,1018297.5646924536,1062193.9414870683,1002615.5652924716,1025827.484288654,1030297.3486349548,1056939.0423011894,984720.5114257355
2024-02-15,1023028.6873041164,1016080.187185011,1071430.01291346,1018278.4814141118,1044550.6430792424,1070979.0725004638,1097993.263484124,998037.9003493806
2024-02-16,1022354.0763282444,1036571.373850937,1076795.1380279008,1017974.025686592,1027826.2825064275,1069729.4626371826,1094732.2896349572,999627.1544864197
2024-02-19,1024358.097814086,1050137.4686881255,1075612.3020904008,1015638.1547012288,1033584.3114981267,1068234.413854834,1085749.8035346994,1003953.020750763
2024-02-20,1034083.888960683,1055284.0588580323,1092204.461399788,1028239.7586903932,1034731.7635397527,1078316.0355856384,1097761.797024701,1010783.4535529633
2024-02-21,1033118.7272575694,1027914.4466296388,1080783.916340584,1031493.053150665,1024007.5364584539,1074129.7678549255,1092470.5552657766,1006505.6525542756
2024-02-22,1046630.121211383,1016705.1116267396,1096890.7956893388,1049934.6959976796,1033520.2904715154,1084353.5942336333,1111781.3302232102,1012005.4276702424
2024-02-23,1077566.6334299329,1011749.004534836,1102755.6724822463,1077173.302475315,1024560.8034414861,1090969.0231619265,1166265.562257962,1015319.7509181519
2024-02-26,1085392.4853308343,1003633.12810051,1096353.5846068803,1084400.3694812602,1034577.9987692449,1090050.9201002123,1180150.008306361,1018428.6674716492
2024-02-27,1076606.0444606468,969600.3141661836,1085851.733853096,1085886.415299178,999566.5555777166,1080741.6645941222,1161689.4977080792,1007063.0041663666
2024-02-29,1090261.2786319782,991332.620972748,1101165.1065261308,1093297.011423103,1006490.9281973455,1079988.459120186,1175214.9138099288,1015159.1397693177
2024-03-01,1073193.0159148,973055.9412604524,1089710.3575866169,1080865.7645882384,1007404.3482946965,1076416.9737169994,1154219.0366507769,1008844.1578395386
2024-03-04,1101286.364111684,979973.9388190462,1101421.442562813,1104457.9314393604,1011796.2736868474,1106601.107127867,1181397.153960492,1016822.6463801881
2024-03-05,1105912.2572098095,986356.6842299652,1117690.652844185,1113291.205993096,1012457.9803137395,1119349.1846364443,1198004.0563090008,1021955.9028499146
2024-03-06,1123555.6797964606,986430.327342148,1132825.361080879,1133593.5973253315,1013683.4073004338,1129895.6245940248,1228327.6671478795,1032156.1464774628
2024-03-07,1149172.9205420888,979846.3688307954,1134852.1801269,1152995.6095257031,1005990.7459311101,1148085.9332409403,1265471.750590369,1040501.5017917176
2024-03-08,1150399.8007109272,964470.48602211,1114974.825222725,1148893.593163804,1015042.6482748601,1150949.253745644,1240894.861220889,1035439.202933075
2024-03-11,1148464.9571623243,967974.2923480226,1127595.5476424638,1149769.4541459617,1028754.287312946,1141057.7752685472,1240079.5148115032,1039725.9883067628
2024-03-12,1148660.3186405653,957969.8284465028,1122046.6189162675,1146268.507345661,1045511.2287344548,1145888.5311507285,1217979.4617405995,1043214.4226062318
2024-03-13,1147670.39509077,943866.0772811128,1110139.8287932817,1143716.011411175,1036458.9367727849,1148268.3529264166,1193961.8520491628,1039673.7635142823
2024-03-14,1118713.0257619298,946205.9950286105,1096670.929165596,1118256.1033835255,1026390.895932636,1149829.7490703128,1152199.3353500871,1038150.0652968903
2024-03-15,1101491.1593909275,929492.216517563,1104432.19726252,1109649.0064873542,1029426.5448507878,1131089.518326239,1149984.0171836556,1037137.2587668916
2024-03-18,1126795.5594337448,941110.7034808352,1104330.7207839433,1123629.6069626654,1042675.00639101,1134286.591759863,1174234.0020011605,1040997.9949252625
2024-03-19,1119060.392710194,931141.8707343292,1098622.3563506547,1115004.696421131,1059924.4452566716,1132929.4317866005,1170218.479944581,1041820.3934409638
2024-03-20,1108105.7029652465,923320.5853930664,1084808.6608931962,1108814.2657074777,1048530.6222204778,1129726.1836710228,1148582.6713775338,1036034.0670707246
2024-03-21,1126471.2187447646,955305.2181216432,1104884.015003914,1119533.4841732825,1077347.20560976,1159318.932291035,1171320.8670161904,1055860.755339386
2024-03-22,1115944.2391956751,977607.0114756776,1123463.2439925617,1112872.1548886143,1091712.7003073308,1157718.8647728008,1162832.191391343,1056828.0396163482
2024-03-25,1111098.0569250465,968573.7036296084,1112187.6000564042,1107235.1608557547,1084286.6336187932,1154662.5101223034,1155352.2263120355,1052767.1946551818
2024-03-26,1111979.2186364492,954430.1603480532,1094021.3291213457,1103712.9777340735,1071783.8008017156,1150820.9734630627,1152272.4938472451,1048471.5789859315
2024-03-27,1130903.5586496128,942441.8804503632,1091176.0166137165,1120081.508965,1076365.0302786443,1156902.8189086956,1172196.7390292825,1054281.388037445
2024-03-28,1124615.2508595928,950727.6505500032,1100384.1400573198,1109896.4755110587,1103103.7729544255,1149347.092102055,1161153.5337041558,1055029.7727344055
2024-03-29,1140168.0998219207,961505.2398310852,1111212.3216292802,1123068.6405043448,1116477.337514362,1155686.8277015728,1178658.2692388238,1061522.6194865722
2024-04-01,1130970.8311362765,956686.9565554812,1102002.276386971,1117241.8876652564,1111113.472798786,1153276.0190067333,1162299.8503535928,1060766.63242984
2024-04-02,1137602.0595160157,956051.9445201112,1116367.1469619218,1126386.500244602,1132820.9484457585,1171956.1897010845,1169213.5665286721,1069302.3001925964
2024-04-03,1132108.9914416757,956932.484303589,1117951.052403206,1121465.6483597602,1118825.8640951726,1163094.2746221165,1170114.0184310616,1063575.3000056762
2024-04-08,1136239.043611938,968120.0817214204,1117844.86182856,1114226.4693264808,1127159.4510397527,1168128.2351004507,1182598.1278728188,1070674.4585788269
2024-04-09,1147791.150009148,967425.2579318238,1119761.82011866,1125489.32546471,1119915.0623983953,1195245.9710096046,1184687.914633149,1076895.2984683532
2024-04-10,1157889.0071386064,975815.198102112,1126907.0149581376,1140891.8786454047,1107869.7513479802,1196594.3899229453,1192729.9693816842,1074607.4825618286
2024-04-11,1156467.0544788956,974192.6569167328,1124170.2830016557,1138120.178079113,1103030.11450716,1200513.476449363,1188958.7107251824,1069057.3489062805
2024-04-12,1148127.800471064,953913.8998557284,1111242.3937804643,1133273.6289887277,1096183.7832007024,1196592.441559461,1182976.8285354318,1065277.4352767486
2024-04-15,1103786.071813761,916472.5085307312,1081543.5008132402,1098415.5938057746,1063262.3379110906,1181258.9453142711,1132329.8858359994,1047701.7512347718
2024-04-16,1063563.6421662972,887620.8192111207,1049373.26631617,1063618.7873082007,1023358.3415045354,1151685.5010911792,1089610.9390414895,1018799.4414584656
2024-04-17,1066246.823532906,881773.2504664613,1061157.358097786,1070681.4146170462,1037705.7038626287,1168755.1943452437,1088954.6863348675,1026487.7008941193
2024-04-18,1070773.0549554408,883007.3922454072,1060230.9135863725,1072937.6895003165,1040900.3616842839,1172461.7501926483,1093831.4724641608,1032417.5410392304
2024-04-19,1024494.6094922184,861122.0509749604,1029506.6216094436,1026456.5500311696,1008471.6459478948,1119361.966702269,1049638.9610821055,1005226.935147049
2024-04-22,1012656.5338764708,842874.8696089936,983941.7920806352,1002303.0981564368,1001893.9902090642,1117506.2593214496,1025262.3413818969,1004997.0538203736
2024-04-23,1024117.3713520874,868268.4301825715,1006557.9894835892,1010945.6387448156,1009830.1547369573,1125826.2671904233,1042463.6862153166,1013043.0425651093
2024-04-24,1057402.2383762258,894312.1424552156,1045949.9052550736,1044510.5611080969,1062003.0994772527,1158273.1496767667,1076120.572186386,1035157.9068763276
2024-04-25,1034683.113285396,875906.5361758424,1022034.8733718338,1023978.2815422856,1049724.144887409,1136787.012544122,1052888.209692871,1021027.5835692902
2024-04-26,1051511.4305553734,906229.8042670444,1039087.6681334917,1037587.4674010122,1057120.568814716,1154739.0159334806,1073106.2041606063,1030294.7550036927
2024-04-29,1068910.7959063903,937149.8216391756,1065805.4092223588,1051079.9698777045,1074505.7034506414,1176874.0176634458,1092303.6052121276,1054342.6921145935
2024-04-30,1055620.1890642454,949499.4449359132,1068604.963215584,1039364.6535010184,1066812.9996008489,1172354.731961694,1083919.4848116988,1050492.8880927581
2024-05-02,1055920.7229594386,954369.308817978,1067200.677654976,1031756.040642246,1056915.9117178533,1152661.9737848905,1084308.7228097075,1044341.898705246
2024-05-03,1076994.438052256,924138.5135661316,1049152.9147841877,1053248.8425230826,1060103.3624090764,1161996.5845179227,1106021.6387995833,1051674.241427185
2024-05-06,1084277.3603515858,952849.3396178436,1066728.154721016,1057280.2391199912,1076821.7628988835,1184273.1672873166,1113319.0484007949,1070230.5628440399
2024-05-07,1087132.6688320506,939905.5822592928,1071424.151684517,1068895.8569998587,1081224.1205648992,1196271.925555673,1113361.5754641646,1071476.5493400116
2024-05-08,1108818.8563877204,944498.4313365174,1076741.0604140705,1087285.5240225638,1093910.4718832585,1195933.3494944242,1141468.227701103,1073853.2061679382
2024-05-09,1104111.983863354,945262.4541197967,1077073.4184844438,1083553.3572287406,1095861.2692465398,1194169.6539930967,1134362.5796374434,1069556.6970603485
2024-05-10,1106615.573578608,970838.225129242,1083364.831257576,1080947.8944811667,1090851.332272968,1198925.9695620206,1135011.1066054457,1077576.7018535156
2024-05-13,1118047.6488454193,959359.7852698518,1085221.9331633989,1095678.274581417,1091710.5162863347,1210790.4367174772,1140271.8119887465,1077571.850254776
2024-05-14,1134585.0387552015,978106.045670624,1110246.3595778886,1116580.9740156974,1107158.625142536,1231934.602519479,1157674.0408267134,1082169.5102679748
2024-05-15,1142234.055588175,981812.453589554,1109323.9250914997,1116197.8391852223,1106626.40873476,1236370.6132521299,1163931.1438082808,1086695.8928649444
2024-05-16,1164704.8588179688,1009215.2305785372,1129735.1845672077,1139599.0631823386,1096732.901540241,1249885.0457014707,1190825.928199684,1098065.7404944915
2024-05-17,1155298.7307068694,1017477.9451171112,1129961.3892943803,1127071.2529959525,1109334.905774555,1245105.784021789,1187388.3383692855,1101893.362564804
2024-05-20,1161225.4257362597,1018008.35667717,1130263.0227630085,1134978.0373473014,1096791.1088766668,1240184.529430648,1193738.6129664534,1099260.719055893
2024-05-21,1151597.508616585,1011426.64186203,1128077.61787867,1125032.4141192285,1098056.5503210637,1236142.5788373977,1181560.5891265029,1091546.9711329956
2024-05-22,1163608.6246752436,1023395.909915085,1142612.2572600786,1140073.3415961112,1110124.6139044377,1268179.0647270272,1189830.0189799422,1103780.2888076324
2024-05-23,1174141.0501903538,1030758.5019370272,1148909.6379210893,1150849.8184981192,1117989.5553793523,1279717.6408302682,1208451.089105522,1107729.7243506927
2024-05-24,1167049.6232791503,1031056.5616389466,1141547.5562636796,1142027.6553854789,1113223.9421972844,1271496.8403546726,1201311.851114189,1102387.5223071594
2024-05-27,1214228.6908103488,1041098.6773635102,1155850.803951973,1180508.700654491,1142767.6854910466,1292572.121627519,1261493.1466845626,1122283.364582779
2024-05-28,1221097.84925231,1028061.3725081636,1149685.9662444536,1192185.3762335624,1135926.0213141057,1285606.1437756512,1267632.8843402022,1121030.671475174
2024-05-29,1208334.3223065643,1048405.8644610596,1172806.5273940507,1190872.2065214957,1122466.1118826482,1273125.2913929913,1256144.3132151717,1111905.4461925048
2024-05-30,1198465.2376468738,1040522.3461486056,1169923.0242888872,1187068.2854666556,1103269.3918432805,1253448.9526993725,1245664.601316368,1101067.0537116546
2024-05-31,1170996.1574192797,1014987.937089081,1135516.5150954667,1156578.1108603324,1087781.6222357366,1236881.0965229962,1209326.789861595,1093348.567938568
2024-06-03,1202467.4201449093,1044573.7929068758,1162872.155087227,1177468.2068495597,1111916.0085882756,1255521.64561815,1241910.2462100142,1109590.4406974334
2024-06-04,1183493.2380097487,1050792.1870776368,1152495.3717391435,1158251.2747473563,1096555.9260458562,1238258.466466615,1220891.5094279402,1098206.344855072
2024-06-05,1183178.438156031,1041193.143654938,1140096.7259261552,1154131.5692038382,1100219.5589422795,1244806.9913193677,1212732.9279231185,1098128.160731079
2024-06-06,1221884.0040164588,1063914.3946639253,1164602.6971557084,1191643.7988486136,1106174.0521978948,1277074.6687199567,1248584.3032549971,1111919.5042693634
2024-06-07,1211586.499990433,1049032.4548770145,1149444.8598220292,1182781.0238451804,1095237.6676992986,1266788.5981995557,1242572.120590126,1110770.7250316162
2024-06-11,1202833.3898403628,1046350.7979708863,1150155.2311294023,1178363.6635832633,1089197.891911945,1270569.2293679211,1235697.0972117537,1106637.2606761474
2024-06-12,1231582.6050349963,1053547.8260394288,1160846.4008834306,1201678.9346728171,1094652.8921789739,1292745.8112542126,1266471.227531349,1117022.4535472412
2024-06-13,1274004.8663115697,1064147.1310988618,1194021.488354439,1246061.858697399,1113665.3284124944,1309374.8997952435,1308946.3282412642,1130564.8328559417
2024-06-14,1286573.7787361091,1080285.6882125093,1206634.2882201616,1256318.835658535,1123246.9821447942,1317319.0745732281,1319714.5356825942,1141254.895668747
2024-06-17,1277943.292847193,1065585.7347537233,1192626.6467788164,1258453.8645644034,1119748.3794149968,1323858.33686609,1318664.7122935408,1144298.6134631652
2024-06-18,1296623.074714241,1076677.394448395,1199620.3091170732,1277996.432675823,1131308.209378681,1345202.4403187726,1340210.2396563643,1155850.49073291
2024-06-19,1338766.4105774844,1092062.5768481446,1225449.33763575,1311301.0045676078,1176632.3598608586,1374414.8922287915,1380014.4038790816,1170262.5423800964
2024-06-20,1351933.2154286692,1100107.515565033,1238782.8356215898,1317594.190225109,1199602.034604511,1384999.1858231518,1395328.8069819564,1182775.8699100036
2024-06-21,1345747.024379498,1097401.7899695588,1229296.5871398393,1314631.5415243949,1191730.421437702,1379153.5657116864,1389133.63222686,1180684.5607345123
2024-06-24,1304724.997920063,1073908.5675746156,1188836.2846572343,1268690.9808916892,1164535.7552771184,1349405.1993138287,1342026.9277037734,1166342.031523468
2024-06-25,1295723.0891659243,1064294.0772238923,1184563.9610564653,1266499.9386687125,1165314.8335394475,1353421.381606767,1331007.1593608016,1167656.4627311248
2024-06-26,1308944.1597780115,1065850.9891711427,1189056.9301345292,1276917.262835964,1166726.4037527654,1361320.1304394696,1346588.9553603285,1166814.5226123352
2024-06-27,1304944.6848079264,1062451.1009341432,1184214.7750136796,1270863.1941561543,1158329.0135931585,1357899.7501370404,1341166.0428771132,1162813.8918368835
2024-06-28,1307082.2458325615,1086738.281348343,1209171.6693847124,1280298.5771097983,1169836.9936346624,1363104.1524388287,1341612.645248329,1167764.5424582977
2024-07-01,1312185.759049378,1081877.6746226505,1196349.6720778886,1280530.6550860251,1166948.8622793767,1364564.202472398,1345420.788444435,1169778.2757937927
2024-07-02,1312573.2818336298,1081812.597918625,1195889.958401436,1275492.7056765405,1155027.165349445,1350961.667260835,1343575.8214987868,1164005.1824920196
2024-07-03,1321016.3097489132,1085087.9458285524,1200581.8049666826,1281783.0372614707,1160538.6554922673,1367580.6480500195,1346318.4133338088,1176446.154619934
2024-07-04,1333924.8411837772,1116206.4854613496,1229309.4652984086,1298857.5632643546,1168798.1858801458,1399608.4135891888,1355712.300458824,1193486.7138717193
2024-07-05,1327086.3138424037,1101653.3391200255,1226048.8942153398,1296193.0001635398,1171499.686948261,1400749.039827058,1350738.8370474929,1198047.3897426147
2024-07-08,1365808.6319284176,1115296.8373480989,1238836.6068236772,1331650.5697245444,1196620.6643576238,1429485.109882066,1387715.8562964553,1212239.4447066803
2024-07-09,1385680.478186806,1120591.2732859803,1269527.7615706865,1357855.3997969474,1219167.2768454168,1435885.7276970837,1416927.9192408675,1220042.4962375183
2024-07-10,1380335.7261101303,1135388.825728531,1277001.310696358,1351990.5528158988,1229792.7692160222,1446187.8698288891,1403775.480234062,1227794.5876891632
2024-07-11,1386768.244939194,1157019.8300791932,1291304.3737380449,1367782.669976696,1248572.0584005925,1480182.7526013348,1411708.9827632064,1246852.4275844116
2024-07-12,1339923.420607672,1145639.4246035768,1264863.8804671708,1321910.6743769492,1234348.4218039128,1440679.9910714123,1350091.2747496718,1223666.836348297
2024-07-15,1337722.4512921318,1111293.403317566,1242686.1851546708,1325308.6654753531,1226524.778165302,1441803.733508775,1355449.2801303023,1221610.5882823486
2024-07-16,1339833.493299044,1118870.5196200565,1236726.6332595292,1326981.4050116383,1227997.7422384832,1451765.8745743725,1356125.807855522,1223938.4347827453
2024-07-17,1322462.39346608,1110066.9670020295,1218981.1571319047,1306222.6130976523,1241089.5227865789,1428420.6749493573,1342697.5794409865,1219624.4398314971
2024-07-18,1293711.576599873,1072224.914202805,1183205.1251037065,1274118.8317770804,1206512.4465078923,1403057.2173115704,1297261.191980278,1202126.095478775
2024-07-19,1265269.3593571917,1076825.973384018,1182616.8027923051,1248031.9617819632,1187444.4018454168,1369218.4112393353,1272598.3585757369,1182697.7065742034
2024-07-22,1231575.9559721758,1052917.1823588563,1150068.4014632646,1214454.519639477,1156448.1223654363,1333782.7453820202,1239230.70587722,1154699.686083557
2024-07-23,1274834.2691477912,1067214.2077666477,1173690.579281563,1251148.8234228934,1184333.1804785344,1374949.3182084057,1286338.3111628646,1181688.9641082305
2024-07-26,1236476.3674603198,1052958.9327975465,1140838.7498977128,1215045.6677241172,1146864.7142309758,1313209.2681538556,1236003.2405318373,1150835.6533572692
2024-07-29,1236871.7462073176,1042530.1471244053,1122028.4851806108,1211600.999890789,1133588.3700155828,1321436.3795182202,1228765.1099375838,1149237.9688041229
2024-07-30,1249714.4496294253,1047505.2871752932,1125413.8739821855,1226476.5308108176,1137002.0327505681,1325060.0185315106,1255142.8137053603,1155136.4665820617
2024-07-31,1243217.9234462588,1056036.665238495,1134058.3085067216,1216356.4366602744,1143751.8303045842,1324491.2117632611,1235510.8194083327,1161956.9379832763
2024-08-01,1225152.3800818562,1080032.7935000611,1161499.6578261796,1220007.839637264,1177721.0832876775,1367703.1082802708,1219308.3837279433,1178530.6078135986
2024-08-02,1160439.8266027188,1029022.486233826,1109207.8906447832,1156615.7123293723,1099921.2159094426,1298598.0908208592,1145749.361404335,1133118.626078369
2024-08-05,1064777.85536813,932488.5147982788,1016712.4649093094,1063423.1365542258,1007955.4722342107,1188790.2388402685,1050471.6728781813,1050567.52463031
2024-08-06,1133325.373379044,942464.934523697,1034884.6967132034,1118019.888202175,1028877.7244848821,1243504.6286230518,1122185.8763045424,1079193.6450355072
2024-08-07,1187665.9448629688,1004131.7193804932,1089063.763172859,1171143.4752478446,1046654.3253073308,1292758.836052007,1182224.3898219222,1108350.5681483764
2024-08-08,1164973.9407351706,993353.2491255952,1072390.4461181108,1150448.062108501,1023947.3831534002,1279301.9065276769,1150202.9608019942,1094921.48581958
2024-08-09,1185852.3984325926,1010347.3348113252,1098693.3510711135,1172934.0126833762,1056251.8485769841,1319929.5073827947,1166132.575527107,1121620.852535965
2024-08-12,1214564.0239899391,1040067.4896670536,1130051.888767952,1196384.6672167624,1098065.400227985,1328684.7689867527,1202658.4938849562,1138738.5100963134
2024-08-13,1202642.2557717117,1031849.472005005,1130649.4683730546,1198247.1750368918,1094570.488698444,1333113.3380213291,1186424.2417677992,1138438.5382716674
2024-08-14,1221233.919053431,1040316.1339369966,1146770.3326232375,1218239.1329245414,1112793.7058386419,1349754.557416013,1212923.8557910079,1156532.7509009857
2024-08-15,1203197.72171876,1033159.6591311648,1132174.6288039628,1197310.2008433188,1104846.5791525457,1338284.7489386112,1190320.0362052077,1142481.1229312439
2024-08-16,1248555.6587233832,1059994.0580702974,1156849.228588814,1241787.6936201896,1119701.264127216,1365199.6167498142,1236629.731218254,1162995.97192836
2024-08-19,1259206.0515108188,1066591.329192276,1176673.833248848,1262913.5166086997,1112124.4814886663,1372745.8423243077,1250496.108505165,1165314.539227249
2024-08-20,1255599.6939087794,1074368.2613917545,1185021.92558741,1263465.3951258506,1117001.1790289495,1369615.363257459,1244980.9780081862,1165757.8520305175
2024-08-21,1237898.7604239923,1067368.7618132783,1174710.145748848,1244925.2840247,1109431.6756109807,1355322.2458887608,1224225.3254489058,1157962.121071579
2024-08-22,1241780.803489035,1058821.6437770082,1166853.950337166,1251013.7749457206,1113304.489819965,1350258.3444624455,1232468.7371119612,1157133.7820117492
2024-08-23,1243745.828004904,1054159.1582404329,1160045.6686675493,1250693.3359427298,1112310.6128286931,1347601.848946622,1235605.3872508162,1158664.58007312
2024-08-26,1242443.042863804,1066007.454098816,1160939.4801833574,1250509.6421503867,1104949.976476154,1363529.1790667088,1229943.3591765517,1167942.8553798217
2024-08-27,1240109.2871062474,1067850.3935500337,1161578.0472533647,1247186.9601969563,1109166.8248571965,1361863.994242719,1228679.1330107802,1166544.2991549987
2024-08-28,1240861.0939997565,1055405.1030627445,1157109.7834365312,1245955.5683073844,1111932.8614172551,1377174.3507757694,1229265.165403282,1168205.7238967437
2024-08-29,1258753.402688967,1059840.950570221,1156995.2337691728,1264837.9906191672,1105124.487729511,1355635.0615664036,1250216.564552223,1164686.8431632537
2024-08-30,1263049.5137695735,1053061.6577464296,1151344.6904647294,1259708.160567745,1100942.7945379827,1355063.6547899754,1260433.8891181105,1168374.6547000427
2024-09-02,1259126.2630822335,1081342.862055893,1167892.637371773,1258693.2481741752,1091978.8272223088,1364546.2557001621,1255164.089712059,1172132.4511096496
2024-09-03,1262114.652577181,1070412.4904071046,1164111.2623031083,1248459.78808926,1089383.4296927068,1354996.6383600743,1260617.14851371,1166455.634251358
2024-09-04,1188989.3748442042,1017561.707633133,1107751.1090972368,1182716.2994952048,1020097.7897696111,1292565.4390821964,1180141.2757147902,1118416.8707911987
2024-09-05,1187629.270662808,1031857.2834407045,1111924.3423507158,1176431.0442309226,1011220.484288654,1296350.5400286228,1177394.9449805373,1120591.1546981353
2024-09-06,1207919.51815206,1043154.6606455996,1133158.9223830644,1191948.3932223166,1032625.1123709294,1315752.7571096928,1196498.2794684523,1131161.663794281
2024-09-09,1177173.7329234108,1031248.7243968202,1118389.9252059404,1167616.7184023703,1011884.9303106877,1300870.5414038212,1171044.2547835463,1117195.882977249
2024-09-10,1179564.5818965172,1006204.3734656526,1097531.9576384963,1175944.2872214164,1001669.5511831853,1307643.817767194,1181819.3964251631,1113738.4658381958
2024-09-11,1168812.62846069,1003168.152146454,1100338.7366988603,1170318.6990465964,1001075.3320898626,1301942.0313444645,1166479.1315955275,1108696.2029044647
2024-09-12,1212045.2166894898,1040205.0758639527,1138493.5154769365,1209069.9761385764,1045668.7086767766,1352503.152363828,1215439.7845610732,1137695.7670772094
2024-09-13,1198509.513424742,1053136.0648318485,1143068.166187996,1206558.116225704,1050320.2992529485,1369266.8628454716,1206123.2389029616,1145759.0887210388
2024-09-16,1204602.4598930497,1080917.9379912568,1140472.2957427446,1192856.3054957236,1050248.648503742,1369058.26649957,1216676.4289893263,1149819.6138370056
2024-09-18,1185982.6715777896,1045795.4442092134,1114811.2322204057,1172269.8322520102,1037287.1350531194,1358171.2963190586,1188826.205669319,1136615.5971515197
2024-09-19,1207128.8213689064,1083851.7158347322,1141081.914425606,1192501.7719130362,1056417.4424261663,1386408.5616045506,1209825.819536125,1153889.2816035766
2024-09-20,1211841.701312306,1084640.860304947,1139429.0585753862,1196914.7716669885,1053356.7536139104,1405440.1183596165,1213258.2514685744,1157643.9720847625
2024-09-23,1223386.24577467,1097985.7908221437,1156476.1613814775,1210833.4693293418,1064286.5310949895,1408035.1758375675,1221167.1862372512,1167620.3463695068
2024-09-24,1248527.969932743,1112583.2152129365,1167908.7790191118,1236509.5915255393,1065156.657536945,1426860.6088514836,1251845.4841384047,1177020.6784865875
2024-09-25,1277183.2817835887,1101710.5535575105,1175788.6512420122,1253619.3669276084,1093356.9663748357,1440062.566613248,1271546.437412178,1189228.1905105133
2024-09-26,1296642.7847138294,1083523.4944277955,1169501.6682631914,1270624.486560329,1095593.2955984685,1441771.9776793034,1292676.6788710707,1190529.4769809265
2024-09-27,1291756.1992462543,1094771.6908713533,1176552.6591918413,1263918.7077936972,1110471.549687824,1436685.3646612675,1295069.3531340712,1194191.572495224
2024-09-30,1233618.6289120675,1072871.3209601594,1138769.3076446,1210801.6677050437,1070660.3627752874,1394718.5910997898,1233886.849231636,1168687.67839122
2024-10-01,1250992.0521403698,1066804.9646922303,1139194.5346267167,1232899.339576229,1081320.4924444768,1414697.2389288456,1251245.1907843703,1175442.7625911254
2024-10-04,1248668.669749352,1025653.8018046572,1114996.862492317,1233102.783629879,1052739.1550497625,1411137.083878568,1240439.1333808058,1161050.7656734008
2024-10-07,1272598.3947541164,1048159.086173172,1132143.010998482,1253320.657821163,1064046.5280737493,1447874.2625856907,1272146.5151595229,1179812.8986861724
2024-10-08,1259591.223384671,1058637.4223357392,1134867.3246123735,1241761.5573115195,1059975.5027060125,1448891.5848570378,1259207.122276222,1174874.1726691741
2024-10-09,1261631.962505444,1075260.178839798,1151877.9177062456,1248830.5984034385,1073264.100545368,1453974.5743189366,1259650.9103049391,1173582.4873969574
2024-10-11,1286625.5480838702,1082156.0023432923,1163207.4682204667,1272983.3185229148,1080285.8410009954,1471398.5495138676,1283593.2284964675,1175788.3619220275
2024-10-14,1287130.104263039,1105024.488671417,1181488.6190535966,1276922.5296873893,1092712.0028586003,1478554.7340937168,1289289.5654772872,1184885.4503657836
2024-10-15,1298118.5785639042,1117285.9472361756,1202677.0251510087,1290085.254394039,1115955.763875446,1504890.0561876805,1300138.219428932,1200853.9549052734
2024-10-16,1278928.3062587054,1106122.4927378846,1187907.1142318193,1271967.4205641593,1104077.7715735051,1484150.975522092,1286680.2231806868,1189898.9306705017
2024-10-17,1285002.845829581,1101903.4134474946,1180008.658535713,1270583.008157238,1121914.665830097,1484999.3936796696,1299251.9870699996,1199017.0509192962
2024-10-18,1305234.4879611365,1134285.3931781007,1200869.9549148027,1283692.0372423972,1134272.4735769841,1520028.9256945164,1308342.2400893325,1207632.2032382507
2024-10-21,1316704.481533112,1142408.5363799287,1211912.255444283,1297353.4694533194,1139923.336896381,1517030.1538782627,1323040.382615959,1204891.078102829
2024-10-22,1308239.4538680348,1166300.0133410646,1229275.68680262,1293467.269296154,1166711.9029211614,1519425.8438444645,1324330.4697856063,1216561.694578888
2024-10-23,1299915.5944908909,1141707.1456061555,1205440.0915343706,1280990.5025954093,1161598.668324909,1501324.0276613743,1318993.4462527388,1206244.9583213348
2024-10-24,1281216.341334992,1138061.4011279298,1205289.5635878984,1269148.7625555838,1138423.1912283513,1496484.0880213291,1290828.2282771224,1195971.9664180297
2024-10-25,1302990.182992638,1173925.1622286988,1232895.25069117,1289907.462804302,1155296.534528217,1505554.7298956425,1317843.2347888106,1207407.588328125
2024-10-28,1310057.329893547,1149013.004529114,1213001.2594497148,1288137.183484539,1161939.471387348,1495886.8836565525,1326144.385099327,1204668.1015117187
2024-10-29,1283526.8302702275,1120872.5636626435,1191570.5381591264,1268457.6868643607,1147143.9085363958,1476709.3797121556,1297309.2306231612,1189808.4802749176
2024-10-30,1271679.5577910808,1117126.9148513032,1187277.7720916215,1259313.0264983024,1144239.995831928,1471073.3628817112,1295233.3438128585,1185799.924095871
2024-11-01,1268871.304890652,1119598.1430960847,1189092.903347725,1261859.8608984794,1138904.368047199,1469719.731167844,1301061.282365715,1181105.4359633941
2024-11-04,1276081.244054152,1112220.5436240388,1185226.065396065,1272352.8772787894,1150239.7798208806,1492597.6365442784,1307716.0859202498,1192702.6792380828
2024-11-05,1276443.3115890946,1124100.1137267305,1191869.269528145,1272432.8196768607,1163154.7052740667,1503740.7382879765,1307489.31266967,1196807.893650772
2024-11-06,1283592.7619367489,1149153.678994293,1216346.7637526933,1287408.673100933,1168720.1118063543,1517528.8859491856,1324511.9809054488,1201320.7040088195
2024-11-07,1290361.897692095,1176054.662547226,1235679.353939766,1291273.7752394525,1187896.4169973943,1524797.12518411,1331989.110967552,1212939.3806426544
2024-11-08,1281526.9720554394,1172096.7940379337,1236692.322148079,1284234.0945677604,1185572.3184485051,1541136.241873792,1309397.762632286,1210515.0641620178
2024-11-11,1287004.655327122,1160948.6248236848,1231034.1760833208,1291412.3767866937,1175690.096600971,1538031.4402189762,1323941.624086296,1210576.4608962554
2024-11-12,1256075.9249136797,1136347.7584315492,1201290.0602614824,1264687.101388439,1147749.5116629216,1500663.2610273869,1294155.6020259017,1187763.6082828064
2024-11-13,1251966.5189208968,1186650.062270279,1243791.0196807329,1261803.2179274403,1159895.3530478093,1486604.312892011,1291840.1843852156,1191791.3399245758
2024-11-14,1237796.6484579851,1165265.1515628053,1220293.738377327,1243577.4265274848,1137733.8501867864,1479219.3054323704,1269798.0779294127,1176209.9871299285
2024-11-15,1256528.8250468906,1167745.699891205,1214370.5781142656,1259772.7620329703,1111733.874448261,1471876.86629968,1291559.0010470503,1174307.4156634826
2024-11-18,1233107.900631796,1154673.8762408448,1207898.9578444902,1240810.3106741752,1103093.3201574895,1459717.220784238,1255061.5233439559,1164893.5016047973
2024-11-19,1261670.953479731,1175285.1252413942,1224147.6894729082,1271342.7790694083,1101219.335561237,1481031.2809687168,1293297.188211357,1180215.6392009277
2024-11-20,1257083.6074576,1193726.2912265016,1237151.1210067216,1257194.4204230155,1105760.5604910466,1469260.4889669926,1291287.8329333419,1178980.8571193237
2024-11-21,1257756.7071975234,1197635.8575621797,1239584.2013518754,1252444.110108837,1099504.9790625188,1451578.9040899784,1296717.5054263228,1176594.615513565
2024-11-22,1286604.6233405783,1210145.28047287,1240873.5480239335,1270507.2467245902,1112000.0534948919,1470956.971554807,1325489.2920397872,1183377.1944949646
2024-11-25,1273155.1029821497,1210735.6506186677,1246133.9045379106,1267365.6213717307,1115731.207463703,1472714.7589235813,1315910.6698378676,1191833.5156371612
2024-11-26,1265329.7401900466,1201606.0940924836,1234282.8302581254,1258314.1115298118,1106925.4028982732,1452860.578501752,1300982.1682128066,1181695.374058487
2024-11-27,1245141.0313394305,1217079.5654193116,1238469.21263575,1237786.1740813102,1080750.7751745794,1430914.899180463,1277517.2707766646,1167199.4523723144
2024-11-28,1243485.1534669097,1201409.3327437593,1224764.0243499223,1236792.7205653037,1076012.640286884,1427353.5869989903,1275206.0730246657,1160066.3123099823
2024-11-29,1241256.4302110083,1213247.0667983247,1237471.5877654497,1236343.1850638236,1075265.3719687078,1421132.5190401585,1281076.8199977034,1158365.8603751678
2024-12-02,1291131.8153885445,1271476.6145678712,1286117.961109871,1278535.446183666,1085144.4704870794,1462965.3882589848,1335717.1829623336,1184389.066061737
2024-12-03,1302625.453980038,1280830.9258567048,1290646.516247505,1283752.902020916,1089904.9959234807,1475541.2523479664,1341388.0037020796,1192588.4649016876
2024-12-04,1318717.6483416122,1311461.7086821748,1323236.1221129838,1304394.1805872764,1093570.4690832708,1499649.108562116,1367652.131236946,1207020.7132422943
2024-12-05,1317836.0436257613,1285525.9787551118,1306843.7602355424,1302121.039750561,1090714.1092428777,1493621.1323402454,1357897.880712425,1199956.5771224517
2024-12-06,1308944.0075960811,1280451.1419669343,1314142.3695189897,1294892.191045269,1097829.628316364,1485061.6634041837,1349077.6110362166,1199622.802773239
2024-12-09,1322823.9382700084,1295414.280604477,1320485.7382323686,1297494.2591776694,1094403.655660114,1486565.8802828914,1359549.460773384,1199177.1616027374
2024-12-10,1335500.073297623,1278066.7518607331,1308169.9949004594,1302102.1046042289,1089210.1702932927,1473642.1681916555,1367231.8430155867,1194800.0848891754
2024-12-11,1336118.6626961865,1301139.866278763,1322281.6260344926,1301923.5167879905,1087221.340047321,1460194.5128497975,1377194.5533064955,1194452.8411643524
2024-12-12,1352808.7081483158,1284486.765296097,1308454.7039763872,1316491.485513195,1081231.9416937444,1468616.4486693204,1387366.7298640364,1195390.5624969024
2024-12-13,1372895.154083834,1317344.7420645906,1337196.5241668168,1330682.7084441031,1075406.78348299,1472428.0633881008,1413272.1915911788,1197869.2308013458
2024-12-16,1369320.4001806355,1302097.277770157,1325513.9348723833,1323496.4489149894,1059262.589971027,1477105.6421276487,1402822.1887606734,1194570.9779174346
2024-12-17,1379377.3065900025,1304747.1634265138,1331680.5796859208,1340271.936723217,1056093.688764057,1466658.5560002758,1417506.3903750533,1191998.1554706115
2024-12-18,1387163.3366051144,1301436.4370528413,1333669.481686348,1344572.5610709037,1067009.0203604314,1480675.3573952992,1423736.1248263472,1198671.5142257232
2024-12-19,1381352.906029467,1304795.7629347993,1327251.1199920122,1335018.457595333,1054220.4914450261,1463918.602886327,1425307.2496565932,1189830.697293045
2024-12-20,1349199.3927657646,1317091.8947154237,1330823.5779616777,1311204.1363234366,1047072.4861425969,1432015.6261121114,1393301.6576632613,1174752.4328677673
2024-12-23,1375452.9381773495,1334821.6511203004,1353159.792248482,1336014.3648886527,1077130.9744314763,1476883.5664120992,1413872.5161189192,1197194.2001693267
2024-12-24,1368416.9511110843,1328543.6753531648,1349931.0626189653,1332000.8111567344,1085532.321828327,1477268.5178490956,1407736.7522009963,1198811.7930419464
2024-12-25,1370255.5165837826,1332750.316510315,1356391.9177977983,1338970.0683092915,1084138.002812824,1482350.8234731038,1410681.5886000746,1200259.7559859771
2024-12-26,1381575.8518833965,1326008.3770152284,1361158.1353347246,1350744.443955883,1084093.6082205388,1480894.171430715,1418951.025445854,1202717.034445526
2024-12-27,1396005.3859608348,1353220.1999179078,1381072.9412581865,1356373.2358565177,1086750.6610617253,1488492.7933904012,1436696.3499278182,1209009.0334460754
2024-12-30,1385727.2900165883,1330676.0363417815,1369503.856976265,1353844.0114588584,1076080.520856342,1483114.3706361135,1423530.7113875502,1201988.0424888153
2024-12-31,1379196.0082406104,1339610.7989894105,1376588.3889815751,1352077.0181517447,1069692.9976019475,1471714.155187734,1420923.5982607955,1197241.3129603881
2025-01-02,1353265.3072795414,1320910.403733368,1342776.1596267167,1322098.3199152793,1055570.7390493962,1452293.1028767903,1385374.5573996657,1183588.3049876709
2025-01-03,1365140.6674392016,1338831.914116974,1351900.290295357,1317540.4073595847,1066454.3321508977,1451521.0437413533,1381022.6990584487,1181106.3851058502
2025-01-06,1415238.1754602855,1355371.359183426,1368669.7188003007,1361218.2018656577,1085252.5632986638,1499438.8027039845,1432002.9977873915,1205208.2436015625
2025-01-07,1435202.6821735348,1350954.5336085511,1370446.445309395,1391215.9629816855,1092392.9155096624,1516380.1814938863,1472082.3927001113,1212129.5557944793
2025-01-08,1417975.4691343692,1350024.0368605806,1366703.5469939653,1374775.8578028523,1084289.035222492,1494051.2871819814,1455327.0511893386,1204296.3608939666
2025-01-09,1392139.2327980502,1312149.012719269,1332422.1199996416,1356119.5176157798,1056026.821309528,1479991.8901311238,1426538.0897387618,1185622.5593078155
2025-01-10,1403487.0647787915,1289379.1772547914,1315900.8395812456,1371092.5791334952,1049631.1744436834,1477720.2025929769,1447272.387063896,1181730.856163742
2025-01-13,1350522.9267717346,1246699.6437064365,1274691.15454554,1321456.2318835105,1013791.3011526677,1437674.3504754384,1376646.2702006453,1151489.8052260894
2025-01-14,1369583.4914344165,1292747.180459137,1304571.31445002,1333462.7944006766,1027511.243878803,1457308.155653127,1394194.032705223,1169070.0810287017
2025-01-15,1373335.3773639016,1273265.1367312623,1289419.0010650102,1334387.2144865836,1005801.4906210515,1427902.1670132955,1401571.0963191146,1159895.4427154083
2025-01-16,1406126.5362499126,1287748.472300644,1301648.373760933,1366237.2481207694,1024137.7857718084,1467730.4869424184,1438500.6029376143,1178192.5090262908
2025-01-17,1398308.1788260806,1290875.283898468,1311702.225071663,1360701.481700405,1031018.6960348699,1480608.7618810018,1429758.942363655,1180567.6264026184
2025-01-20,1406529.3590414585,1294076.5762034608,1321523.2281234208,1366965.018695339,1040932.2969336126,1484348.8236180623,1441439.7832068556,1184864.9671390075
2025-01-21,1417831.8238077548,1303385.1025057985,1330809.2419173662,1374999.5405554618,1037584.0350546453,1480444.5274335225,1451255.2708376998,1188850.1248996276
2025-01-22,1426992.4193334486,1328337.1803885652,1348194.611080879,1380844.7816252557,1047646.8573126409,1497123.6933060964,1463140.3296488875,1197742.9655234832
2025-02-03,1404644.6427936233,1257980.5690413667,1278469.6333053056,1370043.7358755912,969411.6776556585,1446031.3738786061,1420509.761270439,1161568.1517627258
2025-02-04,1400173.0306713087,1270784.1335631562,1307077.1935622636,1374083.4374861564,948820.706265888,1451029.4908486684,1392282.0029505843,1153197.7342479248
2025-02-05,1438882.890032576,1305109.6988116456,1330167.8447997514,1400090.0116934625,964033.5370001409,1476968.5052090962,1437506.6132067794,1175169.7256629486
2025-02-06,1452154.3191786006,1308570.6604930116,1316308.466465706,1395461.233521923,977885.2285132024,1482989.0688878377,1454021.9599627608,1183939.2713840026
2025-02-07,1457963.2540120606,1327555.119370575,1343402.3092925493,1403014.70905064,988192.2239584539,1498748.9927388509,1464972.0577067488,1190981.5461127777
2025-02-10,1434711.9159636311,1308819.3125945283,1334824.3178985063,1382907.7442355002,979584.8816656682,1487291.18444074,1444310.2916716689,1187841.2022178192
2025-02-11,1453648.8071125338,1332320.1000071715,1353731.5511825029,1395967.9744200553,987277.0514425847,1493470.759496816,1466077.616311943,1195935.8602321167
2025-02-12,1436469.5919023117,1286286.8341304015,1323764.7474715654,1383184.570126995,988379.5511908147,1490357.1993695577,1442441.6308344954,1191577.3863132019
2025-02-13,1456298.2600608123,1286170.4698916627,1325203.3826262895,1395583.7159857596,1007308.0850653264,1491300.5154858907,1468815.2245501631,1203832.9183547515
2025-02-14,1441011.3516114848,1286740.7360831453,1325067.9934966508,1380338.6765684928,1004600.9501776311,1470350.6175729115,1461534.5679148787,1202119.67165065
2025-02-17,1465136.1781044486,1324811.3327265931,1352348.2076003496,1406765.3424563254,1010079.0775122258,1496885.3001118978,1488605.9996794814,1215910.6798388977
2025-02-18,1470394.443043669,1329644.058066483,1356394.3040435258,1405758.1654715384,1005839.5343603704,1510658.5842553456,1489612.1234225386,1218251.909237625
2025-02-19,1469236.0212675442,1280361.0089961244,1333052.711643929,1403064.0638747062,1018320.2718939397,1500177.8260594686,1493566.228319084,1214296.7818019409
2025-02-20,1448546.8021098827,1269605.8282309724,1325726.9593017043,1390577.126843914,1010762.0365042302,1495394.1757508595,1466856.166360771,1210946.080849411
2025-02-21,1456727.847134022,1292219.713399048,1347685.275273079,1403529.3253035392,1026620.1522421453,1517310.7006322225,1476410.376783287,1222762.8138797302
2025-02-24,1464769.9551158126,1269537.1379100038,1330498.8769423906,1411230.1434607352,1019098.246083698,1499122.0914861043,1488172.775560295,1217124.7789065856
2025-02-25,1452162.035500361,1239557.5397101594,1301745.86623835,1400828.5416083182,1002649.1725210759,1474030.0330430348,1475401.4970225447,1205217.0262305755
2025-02-26,1482783.1108832269,1257068.8278723909,1317911.4372527543,1410090.6216292228,1009595.8405508611,1483633.1693841298,1507962.7482318038,1218264.3002593536
2025-02-27,1453943.3519920905,1222367.899373169,1284541.9393050617,1380207.972333416,987345.492970905,1455692.5090657552,1477167.596742546,1200477.7849948425
2025-03-03,1426967.8953741745,1199997.4080840305,1273930.5289580766,1357867.4279799308,975159.3182577703,1433619.273994573,1440958.405134117,1190682.4318397064
2025-03-04,1427369.1644606765,1224188.5083171085,1288183.682469124,1362286.7763190116,971920.1864828679,1415103.1008386167,1444834.2863368148,1183254.6111667175
2025-03-05,1434636.1772260098,1236579.6369353486,1301827.8421142043,1371472.8916449393,987476.5743612859,1438605.0686463865,1452198.7156237715,1192310.4006011505
2025-03-06,1426347.4066779788,1244111.8873454286,1308401.1618697587,1363070.0805239524,985021.8578695867,1422897.1467332395,1439238.20521537,1190606.327189209
2025-03-07,1397844.3658313602,1200482.311066742,1277691.818760628,1347275.911344036,971696.0369848821,1412918.5900811704,1408861.50016967,1174605.9187610168
2025-03-10,1363908.8496605095,1187316.4785605622,1270688.652966255,1318512.9797606317,981244.231290302,1410454.8292169126,1369737.2891711348,1171896.1231086273
2025-03-11,1348401.9740246928,1162453.51251709,1254872.033238167,1306987.003758892,964517.7187933538,1385817.9007691892,1352287.3521937483,1157376.6526057739
2025-03-12,1369178.690082804,1168835.878041382,1260544.9101302568,1318289.019193157,985625.5274328801,1379837.5816659483,1375583.074300682,1164322.6754939575
2025-03-13,1350268.675890385,1174969.3708716584,1253937.1400344316,1291017.3347372855,973127.9814047429,1359029.9309091123,1361183.4244593733,1152791.5735194702
2025-03-14,1355455.6244455664,1161728.3021746827,1245384.6435286943,1295122.2777457084,969810.9827169988,1360863.268273309,1368435.3109759444,1155131.1337573547
2025-03-17,1371760.876383593,1182396.9730139924,1253195.4401366657,1307174.5958647574,980214.0296835515,1374727.5004357847,1389271.601430809,1163564.0875937957
2025-03-18,1406440.5911332248,1202470.5271388246,1276394.4650771562,1336902.551881298,992762.6908392522,1394591.415905908,1429674.0384272689,1178940.3247363586
2025-03-19,1384730.2950607855,1168796.3427039338,1248890.7187774123,1322467.897830471,970726.7139715764,1367801.8729409727,1405400.7508734816,1160985.854550125
2025-03-20,1399160.0452617134,1174232.6856089784,1262654.329533333,1346288.8597655145,985673.1611837957,1398489.1036920103,1422686.1419314498,1173550.1679713745
2025-03-21,1398142.5240545466,1193886.3780814365,1278433.300625557,1339588.4807276572,983034.6209692571,1385022.0182084593,1419023.6788024062,1170044.9688193817
2025-03-24,1397746.1428539737,1166909.4619418336,1257359.7996108476,1334751.1851172294,966356.6967291448,1375639.7448167356,1421367.8206118697,1163649.0885112304
2025-03-25,1421843.8199190658,1184377.1500483705,1271915.4563491289,1359728.4945425834,965375.738522968,1390362.7760972532,1448657.2645320052,1168178.6666934509
2025-03-26,1417812.7082492032,1183084.4360800935,1271079.210453743,1355980.991328701,974762.1366095159,1390062.0567178281,1443465.9296836013,1172629.3220698852
2025-03-27,1396918.3580175766,1156092.001258011,1240239.956326241,1330118.1799959985,960773.6338629338,1364085.0728082212,1410382.8169936293,1159058.0768859405
2025-03-28,1372275.4018864806,1119392.4953089906,1216121.108967537,1315092.9932722892,932790.2788519475,1351753.4280099424,1384415.8197077864,1138915.563162567
2025-03-31,1304889.4697019446,1061978.736868973,1156481.209370369,1261130.4462447013,887086.953656635,1295959.4874300358,1313747.5618418807,1096235.4962985534
2025-04-01,1345020.0222787804,1085946.8106242372,1180271.038540596,1304418.1794333304,917044.3360647771,1332275.056996778,1361581.483522331,1120040.088989975
2025-04-02,1336058.0289190717,1086294.0445738984,1181784.871670479,1297531.4906077231,915806.7301077459,1329000.9189198124,1340394.2767180556,1120681.6223075408
2025-04-07,1204578.5971079145,979074.9492884828,1065342.4463622514,1174071.7695431556,826225.0245260808,1197677.631031629,1208783.7625054473,1015279.5803134461
2025-04-08,1157591.6869953854,904488.1787310792,998561.67974543,1125365.38818787,780584.8933081243,1141985.0429396336,1162005.4686135405,978268.2643420716
2025-04-09,1072967.852081488,826516.1204787446,935102.898922676,1066737.1708340491,724448.1263861272,1076775.5511545422,1079194.7796753997,915197.3221423646
2025-04-10,1176269.443394221,907773.1642085268,1023842.2485167924,1165171.4689221228,790320.5171103093,1178393.0477170118,1184867.365960037,994753.8157756348
2025-04-11,1239780.3405355494,950181.4345732882,1079782.857632393,1220131.144483074,836200.8491110418,1220070.2077643026,1265483.991952812,1025961.9548614045
2025-04-14,1264010.348449198,977740.497635956,1090791.346859688,1224894.6198534812,856155.5082525823,1217975.9969476522,1288802.6282233351,1038053.4157874604
2025-04-15,1282337.3716666186,1010606.0237227632,1111068.511563057,1230430.088995441,862955.6082892034,1240568.3564042447,1303737.8716458434,1056422.4678180236
2025-04-16,1252716.1980921996,974582.5930129244,1088195.7306563798,1210790.279201969,850777.3042654607,1213582.1779990857,1269379.2216920012,1038441.6680915375
2025-04-17,1241397.0109374137,972277.513562317,1091484.481358284,1201756.2534975852,847582.589757404,1200982.4214508832,1252550.707736885,1028699.4962832947
2025-04-18,1252529.297030748,974441.235758896,1090565.200047249,1210557.778027996,850459.6589178655,1203531.04519131,1270042.5060938948,1030532.1918361207
2025-04-21,1232476.1741540043,950033.3780432892,1078965.5329177324,1195393.7968630637,840315.5322088811,1185506.4830608666,1252614.228778755,1020154.3543651124
2025-04-22,1201117.2553482605,918797.2765380098,1050262.2656295244,1169539.764776691,829331.2407202336,1163726.5329470304,1221370.2262829894,1005299.5336043854
2025-04-23,1256274.6111123108,959813.7968341066,1096236.7440917436,1223293.2960238303,872652.5439581487,1227557.0436432813,1282320.0237349623,1040892.8326156159
2025-04-24,1231978.2091019691,963655.179900284,1087132.2629821245,1201549.098635181,855364.8166555974,1218441.117008264,1255636.1216076964,1028996.5264689942
2025-04-25,1287481.28309287,1014730.2587939454,1131636.0725448076,1240486.6877846564,871935.9210791204,1258447.171423799,1314767.3884266966,1055510.8323714752
2025-04-28,1274828.8046312495,1021709.5102454376,1140307.7678573076,1232604.5588068808,895944.5293783757,1267244.45614018,1298232.3250159377,1061674.1879603881
2025-04-29,1295752.4600135435,1073646.7092238618,1167333.9868819658,1242453.6016220893,894520.9741873357,1274467.2622512258,1315697.8114651793,1072476.4407470245
2025-04-30,1286038.6525448554,1073596.6418811036,1165712.0889556352,1239948.8319468345,881480.3691458318,1274370.9486862232,1296065.8050192946,1074287.5533568878
2025-05-02,1303734.354174353,1108832.989129181,1184738.01392054,1230595.6298823203,916802.3181204412,1323882.9678019993,1311760.8870810622,1095553.0534541626
2025-05-05,1298795.0709214194,1085653.2944327546,1167989.4675033037,1216465.4366974677,917558.5888952825,1310103.1107466805,1310019.0506238097,1083177.5932128448
2025-05-06,1297809.178863085,1118112.7909861756,1194734.51417231,1206702.515641674,928639.9133963201,1304113.2186976005,1304018.7352389449,1091828.3766448516
2025-05-07,1287857.750361588,1109877.538138504,1192341.7452132646,1206087.179698452,931156.5670218084,1310060.083248565,1291579.466567909,1089910.077933075
2025-05-08,1323110.693270718,1126388.8854476167,1205425.010929817,1215292.7790751304,932545.491345844,1305549.6958143818,1328213.460849678,1097375.0163562316
2025-05-09,1350292.0812620071,1149052.552844162,1224737.229595894,1239431.82059811,944593.5458426091,1334618.416912328,1357750.1045874709,1111241.8465812225
2025-05-12,1353961.936873118,1166935.5848418428,1234260.667347664,1241336.1321778144,952210.6071142766,1344818.1186030018,1357131.0153569335,1121861.1540000457
2025-05-13,1366993.06533511,1178182.4498892976,1249616.7135970537,1262253.4354204978,950573.647382221,1355532.4635584462,1379940.8414725417,1127799.8991458435
2025-05-14,1388330.304443869,1229385.0053797914,1290055.068455452,1275626.8203072394,977905.0199560735,1387608.6554758656,1395635.7547215575,1147721.8163115997
2025-05-15,1392134.8859437546,1237876.8009806825,1295515.5677688066,1279580.4852423514,977431.3160299871,1386626.217474233,1400790.3958567732,1151992.3666064758
2025-05-16,1394397.7596397956,1234510.1621829225,1288927.1966369096,1282025.37119244,976647.6055044744,1395136.7373855165,1398393.2306594008,1157367.5280311126
2025-05-19,1357104.5842670158,1210893.1844340516,1269248.933377022,1249546.2145933951,960335.5988516423,1379220.8436194488,1353506.7743052596,1138554.9485557098
2025-05-20,1361806.236026213,1214582.300891037,1274303.847500557,1253634.0882630197,962031.9854406926,1377268.792722421,1361710.7244671935,1143670.3710162658
2025-05-21,1404336.9504544109,1254201.7327033237,1304973.130360359,1273339.6353278006,981146.3337683294,1388458.2290752728,1400275.857126152,1162287.7899310607
2025-05-22,1394049.0694949687,1263281.7150145725,1309192.8070800249,1265534.0372910346,970795.2458014104,1379587.9272412045,1385921.6458043212,1157588.717409851
2025-05-23,1386012.613370123,1245433.8544322206,1286444.4444472734,1260138.0804037894,966169.5049490544,1376773.8147314542,1378301.6535700911,1154256.210768463
2025-05-26,1367420.9256760047,1241236.264004822,1293720.7273757402,1249638.798062786,961756.7148260686,1371813.1600195135,1360174.243818199,1147680.1267688293
2025-05-27,1362807.0280308288,1234270.12705719,1281152.0074355546,1238494.5549368705,966754.2451529119,1353713.5692743638,1355623.696012413,1137577.5108020324
2025-05-28,1375624.505988497,1249830.2015315248,1305520.8509108964,1247599.9399924125,973074.101300678,1361021.80279145,1363352.145215904,1144591.3829829711
2025-05-29,1383534.8110770972,1254559.7647429658,1308899.0071685258,1242659.8685240592,970171.8989080999,1361930.485369712,1362608.9676150435,1142692.7460219879
2025-06-02,1379386.4788200895,1230427.1950980378,1282026.8782164997,1230469.8370499455,955286.832562885,1340058.5360626443,1359427.5697659606,1133711.2905375976
2025-06-03,1402593.0221366235,1239081.403449173,1298041.6740615312,1245406.6796374167,971049.5202917669,1353349.6147338136,1383210.9334105605,1149160.080691101
2025-06-04,1411850.6726066135,1256560.700219269,1310387.0335051958,1260155.9636673774,984834.1022848699,1386201.5217715944,1390278.8937481993,1162554.9215953369
2025-06-05,1403884.1663656572,1258265.1519423677,1315001.048535103,1250919.0664543952,995767.2883734319,1392126.6572257723,1376246.4937085265,1162766.6145389099
2025-06-06,1414274.8731959108,1248122.710356827,1302387.764904732,1263738.971753582,987975.9150366399,1392351.9997121538,1397395.6468714827,1165113.5410506744
2025-06-09,1438780.6005625012,1264681.558117981,1318475.508465523,1273118.0516333426,986291.0245718572,1401361.9257833208,1415532.8609866255,1175111.633972885
2025-06-10,1497324.3947152037,1323484.67809021,1361519.351231331,1300304.5673661078,1008671.6035894963,1434047.0227405275,1476472.780848419,1193417.0864875335
2025-06-11,1485280.7056438555,1352735.592108841,1382783.0742080156,1307388.8667044486,1010826.1053137395,1460475.845312282,1467884.2124613875,1203017.7003963012
2025-06-12,1462596.8989154352,1339284.8954096986,1374277.9339415971,1289098.2447714652,1012226.5901922795,1453152.1419564928,1442635.417947685,1198682.4609191436
2025-06-13,1452618.6604700368,1338154.7986403657,1373125.4179427568,1270330.3814692344,1008953.3020834539,1442815.889747783,1421362.497390663,1195861.875727417
2025-06-16,1467522.654886331,1325876.9005500032,1365446.9789855424,1274460.9833998526,1011318.042165241,1439887.0625955309,1437156.5393504256,1199285.0445563812
2025-06-17,1459477.891764255,1280954.7962809757,1341670.304180855,1289700.9997668113,1001469.8301291082,1457386.0029622759,1441578.812976753,1195179.2426917572
2025-06-18,1448615.8426033205,1265811.6172400666,1327374.428951973,1296254.3671965443,1005735.0073904607,1466335.3417550768,1436933.4324206465,1198586.669522049
2025-06-19,1431968.8428545564,1243048.311226959,1312878.551457161,1283092.3387541615,996078.4805044744,1449031.0678636278,1424166.8846720809,1188039.2168872375
2025-06-20,1418930.1015028146,1235616.9880362705,1306513.6423156206,1276422.2903666345,992489.346776447,1454253.0986348833,1409295.5140303725,1181378.929589035
2025-06-23,1418255.423679847,1243876.8311263276,1307915.6113173906,1268029.6360125388,1008928.2891211126,1432365.8303186144,1416319.3460463637,1181184.3948695678
2025-06-24,1449939.984937095,1263407.764557953,1326834.451283211,1293651.795694813,1035645.7106070134,1489973.8219138826,1447056.4801663512,1205326.3545691986
2025-06-25,1461311.023529159,1285898.4355860902,1349268.9099166335,1312018.6370911445,1045974.4903387639,1492217.8487636293,1470129.5059575194,1213662.222859146
2025-06-26,1459965.9226581797,1284524.1556006623,1347978.7921569292,1318424.411346897,1041970.043248615,1501508.7225562776,1483926.5066956633,1218857.0094554443
2025-06-27,1466974.698202995,1271779.4538813783,1339661.111096138,1321562.902738079,1037128.6244787786,1505585.5639821733,1483975.8726519698,1223546.0709273834
2025-06-30,1459572.133229215,1269594.5938025666,1339286.5770308916,1308630.606044277,1032909.6199469182,1494574.9224836077,1475335.0896491164,1218901.4062297363
2025-07-01,1484427.343300588,1307373.427291031,1362841.7080581132,1319763.936915859,1052721.8457617376,1518441.2161686413,1494948.488330757,1230832.8352191467
2025-07-02,1497210.0903588957,1312617.349543686,1378100.6224715654,1333837.727694973,1057550.0190100286,1526573.158251529,1509496.336719429,1236738.2010867614
2025-07-03,1512937.2176162084,1330066.6455088807,1385517.7516677324,1332027.9654640998,1080706.2551169011,1520705.763420564,1524390.9356526488,1246381.9038741607
2025-07-04,1509682.2969770902,1310666.294282074,1380336.2769820634,1334848.0612654532,1079117.3741659734,1511241.8945200664,1534676.5846881026,1239065.432631256
2025-07-07,1487182.6842406858,1276383.6753722385,1349067.9626128618,1321767.029737934,1067392.7373480413,1509024.8237378285,1513872.086142456,1229968.8467052002
2025-07-08,1509048.9073270382,1299403.1232348634,1356858.029911751,1312403.82589291,1062848.1088537786,1506780.2883626798,1529997.6093215102,1231865.0871989746
2025-07-09,1548369.858505913,1342763.7980796052,1393482.8231475295,1350103.9544100608,1073455.2310995671,1515741.1536015028,1578962.633037483,1240188.381214859
2025-07-10,1569798.235363499,1369465.8662425233,1409227.6701629106,1372621.6598677482,1096933.5490851018,1525096.711277818,1606971.7155818099,1255688.5327498931
2025-07-11,1567879.783268227,1351997.0221072389,1399453.4583861772,1385347.9813036765,1095057.2630514714,1525834.6510902322,1610102.6785353774,1257600.6273429412
2025-07-14,1546670.233411007,1309185.0889617158,1372973.374844307,1369003.2480349387,1082582.145467243,1518536.5025669015,1582668.3618849867,1251259.2136199493
2025-07-15,1580736.894884301,1335514.9058524324,1380507.9234816972,1376007.318294033,1112458.355130634,1535466.1813827432,1613716.5068396681,1265948.8953921814
2025-07-16,1594210.556059464,1332151.196915741,1383356.4667479936,1391762.4354128684,1123880.1037115667,1549808.9666650803,1630894.7568358534,1273088.3244750518
2025-07-17,1589283.4900504688,1324963.5724879457,1381088.957936043,1388884.5793871726,1124880.0078863713,1557156.8131864578,1619191.7436026686,1275345.5189960022
2025-07-18,1631961.3594821896,1361730.260142441,1408310.7156112138,1405840.105781063,1136760.1847662542,1577174.9489534409,1657870.3104399794,1286898.7768008728
2025-07-21,1632544.1828309407,1355065.332087631,1398990.8121764604,1407218.3940901605,1142948.3304495427,1573097.4864385636,1658589.5739306563,1282976.6814429779
2025-07-22,1614963.172828217,1320051.7799884034,1376520.59103846,1402864.6227259482,1120459.5660757634,1548956.9949911148,1644386.992778694,1270728.2644832153
2025-07-23,1626621.2458009494,1337752.2684165193,1382613.9091231767,1400798.8333296622,1136808.6582083318,1566146.0924051316,1644714.4901980513,1281519.168066742
2025-07-24,1626857.5716936267,1335508.6951075746,1381604.6344802324,1401006.0396027411,1141053.6246389959,1572399.4878328354,1647563.3495473021,1282753.4965598602
2025-07-25,1629461.2207206977,1356691.629048462,1393199.282215828,1398014.9411835517,1138975.839757404,1574559.4835565598,1648946.8856763,1281228.857285263
2025-07-28,1643769.4637332547,1422781.6442996217,1437079.9239089433,1389187.3098816718,1153231.4558157537,1580405.0163820297,1656347.3367146605,1289827.8223235626
2025-07-29,1620633.8394503226,1423936.683598633,1432056.8185470048,1369170.4696383325,1151565.9818853948,1561753.5467336685,1627608.8725813979,1279301.591238739
2025-07-30,1627584.0703690236,1430783.374217148,1435532.7322509233,1384410.922522053,1170115.0386175725,1584525.1431711228,1640446.6620587462,1289561.4343059082
2025-07-31,1684753.5071868892,1484256.4784022523,1474770.720524544,1387341.1299204673,1209056.0386175725,1602057.032954982,1695141.5895766371,1310439.3032901306
2025-08-04,1669312.9531261362,1477366.269587631,1449545.8878295366,1374611.292112812,1213446.5410742376,1601168.4957330734,1691873.4308804625,1320108.9237163085
2025-08-05,1688085.4150290254,1497917.5700751496,1474018.5001494829,1389709.7587942923,1249265.5461935613,1617208.5488279373,1702113.6214617842,1334007.9631125946
2025-08-06,1671177.4392764545,1497801.4476329042,1458931.928135628,1368419.3257136191,1241125.5398535344,1601918.7795599014,1684092.161628639,1328423.5558154602
2025-08-07,1713830.9924945864,1583204.396720047,1512239.3935668413,1394356.8568596686,1244700.542531452,1646288.235532573,1722439.5515317076,1346399.1634624023
2025-08-08,1715195.8774922136,1599968.8863993837,1524984.0050551835,1394833.7023033942,1255025.5338186834,1641965.806474498,1725335.7907590026,1350571.0131156463
2025-08-11,1726915.9022880548,1641610.318059082,1544783.1149642412,1399426.1189322318,1265851.545125446,1647994.7656820328,1745244.3502902144,1360978.293417694
2025-08-12,1740745.151671802,1637717.595034714,1537048.3069121782,1397502.3029370154,1258521.049397907,1642517.6624773056,1752550.8543976897,1361067.8682315368
2025-08-13,1763885.2106078332,1664210.3013735963,1549845.9043166582,1408720.8412566031,1265731.0350393865,1654589.4026983292,1774370.8488825911,1373507.7002818603
2025-08-14,1775476.2312594063,1655656.956959839,1548565.1232345048,1415721.0683302726,1260564.5343451116,1640726.712341121,1790979.8291529769,1378312.0651690979
2025-08-15,1803704.3166622613,1654083.1078787996,1547517.4673583452,1409081.3722224082,1272543.5467199895,1648617.1416582977,1818071.296584999,1388409.7603042144
2025-08-18,1840299.030470817,1710632.7706347655,1578698.4708297197,1426963.0018038596,1282346.5483297918,1653949.0089469294,1863124.937145149,1402696.1937549133
2025-08-19,1780621.274468246,1631898.4491683198,1525449.644161934,1413596.9498858298,1251068.047772846,1646556.5637169317,1800824.6498412245,1378109.029915573
2025-08-20,1714907.7972083353,1555804.799740906,1468725.318897957,1378123.0687670554,1204696.5371908757,1593279.291965528,1727272.8901099318,1341803.8221805114
2025-08-21,1767638.3482687562,1553523.8090602113,1466803.1841628496,1392950.425584301,1226385.5440573308,1617775.1252651648,1782569.4960002059,1364753.6463496704
2025-08-22,1748389.768317531,1540483.2898913575,1456115.278095955,1385712.3382181968,1235460.5362448308,1598806.171375318,1763026.0909079665,1354725.208060028
2025-08-25,1801925.4360338168,1576056.1943103028,1489553.3665511552,1420476.2975897635,1264729.043500385,1638011.3159605803,1822452.3330363387,1380150.0534045715
2025-08-26,1793780.2257180894,1593877.116131897,1505040.8722579423,1424356.6086630668,1271242.5467047307,1650646.3913199247,1830243.6775721663,1381025.5126292724
2025-08-27,1805004.4536248771,1601468.0982505037,1510280.8445556108,1429929.7230410422,1311827.0343603704,1663570.7985541166,1854115.0344962233,1390708.8457877655
2025-08-28,1791341.056545112,1598579.3533068849,1507204.8448226396,1418542.0370955314,1295120.5327353093,1641850.0400473417,1836297.587945854,1383211.2527530212
2025-08-29,1776971.0841273912,1626524.978394623,1520911.766010994,1415643.7379526938,1285154.5449575994,1646513.4959952177,1825647.6850318068,1381132.4557902832
2025-09-01,1721131.8126709666,1541947.351157303,1476648.5878722612,1405643.55588673,1248004.0417532537,1634362.086754495,1779284.273656761,1360603.778618576
2025-09-02,1720714.5068034166,1563384.8700514983,1493533.5276000444,1407561.4972510184,1235189.538106403,1629001.2486540617,1771160.0271777266,1363371.6860549469
2025-09-03,1741797.570755134,1571361.7886229707,1495025.5905425493,1416897.759913906,1231608.5428366277,1628102.2159430326,1792458.3951758498,1364532.336823227
2025-09-04,1716223.8257904504,1580164.38260376,1494267.840672249,1412809.757556423,1246557.5403799627,1633590.4835860075,1759468.8397635573,1365422.8459727783
2025-09-05,1764562.6114022136,1633606.883864517,1532721.324215645,1445350.5631041373,1271890.5387854192,1661348.816391641,1823409.7996577376,1387533.702271225
2025-09-08,1756112.570859447,1634092.4328261567,1548194.6456420366,1445471.8277678336,1275369.5460104558,1661357.6387526335,1820916.8040179366,1388263.6087653656
2025-09-09,1827168.2314402573,1637273.7553435515,1544719.8700225295,1480615.1972727622,1322122.0476355169,1687707.039780313,1903251.456993019,1412420.892971756
2025-09-10,1851016.9928688423,1724951.8135482026,1600179.7684142534,1478985.189952358,1380485.0437368962,1710279.3440124753,1910586.6720313185,1433519.156151535
2025-09-11,1877868.958464088,1757204.6573840333,1625767.3708236162,1478772.2974352683,1369886.5471090886,1728273.012572366,1933465.4142684096,1439303.212179901
2025-09-12,1909335.6700001063,1748032.018300171,1620922.9692275468,1490206.7764048425,1383384.049397907,1751096.1119462368,1945873.8939780348,1453763.2917735595
2025-09-15,1890059.4027274088,1706637.5148612214,1597052.566265816,1484306.9344820825,1382467.5348715398,1734327.2158757565,1922107.191341316,1442790.9928100128
2025-09-16,1889376.3300617095,1713535.8595420076,1609540.3673522417,1513825.089148983,1392162.042279682,1753585.8364545223,1938821.3511885756,1446757.3170821685
2025-09-17,1904068.2215751605,1703591.2742987825,1603620.7657439653,1504765.6806197013,1383943.0442785833,1739606.3705121395,1944544.9055575484,1446056.4795463104
2025-09-18,1919293.988215999,1722015.8101626588,1620370.5643966142,1522829.7034334985,1432765.5354132268,1773625.5341607449,1974426.2567328566,1469034.5966098327
2025-09-19,1889420.4611155696,1657164.017693634,1577791.3670852128,1494246.8579649772,1446447.0449575994,1751442.725616586,1914393.8780230635,1463103.1533763427
2025-09-22,1887073.3561331704,1632724.4044982148,1561183.1662719194,1490204.7014918174,1463161.0387701604,1780778.8268334991,1903619.9042052382,1470407.3205344696
2025-09-23,1897464.601947864,1652356.8394576265,1576315.3673522417,1492011.4721503104,1460853.5407003972,1820766.275560077,1917839.5610255355,1480859.3704803009
2025-09-24,1859621.1300161183,1649998.3683024598,1577447.165470833,1475962.2924189414,1452320.0339560125,1818251.8710972627,1860668.795764839,1474140.8506839294
2025-09-25,1826478.5589911933,1617442.3648692323,1553039.9660232011,1470482.7121043052,1452357.5488409612,1809047.4768177827,1850918.839881813,1463776.0642688293
2025-09-26,1792726.9168107274,1618151.0173827363,1553336.3662841264,1443087.6590418662,1416490.0417379949,1772503.466556247,1794991.012069618,1440166.9604880828
2025-09-30,1811770.1165985465,1691702.4191409303,1606990.36548304,1456929.7146067466,1430962.042279682,1776342.6084706148,1802894.5443305129,1453758.882139923
2025-10-01,1802688.418776548,1685834.5274993137,1580627.971630806,1447245.431132778,1440228.0461783025,1801590.980430301,1800692.9694785231,1457207.4477241058
2025-10-02,1838057.32703528,1724323.771266098,1613446.766278023,1462175.6414980737,1461806.542127094,1842944.6351849397,1840191.090801155,1475148.55528331
2025-10-03,1866718.1256854264,1759727.5177489473,1641714.3662841264,1489280.71802853,1504942.04280611,1868100.0047528108,1869451.472339546,1488879.5498359222
2025-10-07,1842335.776476404,1678143.8651992036,1607508.1619994584,1515815.0933966483,1557235.5387701604,1904685.9173790773,1853937.2695292586,1500733.3946425933
2025-10-08,1831851.4320091435,1703278.7769652558,1623034.7710845417,1513011.2098231162,1554229.0400061223,1886057.9032589754,1835388.676689064,1497405.7992980499
2025-10-09,1855258.4688156352,1711996.57561409,1628992.1689422077,1520700.1935877646,1558196.0393271062,1893129.1090275606,1860491.6828917617,1504868.1456573028
2025-10-13,1807869.2502331648,1685222.5305739597,1603513.171078438,1497017.013518795,1564357.041989765,1883265.7848534158,1828566.8956488722,1489376.23415065
2025-10-14,1771064.048024299,1637929.365998383,1567547.7654769365,1493418.5272440757,1511390.0383810613,1887340.441126304,1809733.1859511489,1474049.3584659118
2025-10-15,1767192.1191647945,1673567.1180487825,1581686.7678801958,1507971.852752193,1542820.5405325505,1922125.8788208535,1820324.19400016,1489146.3816878814
2025-10-16,1778465.9636559938,1659485.4276419831,1584022.16840815,1525090.2588209952,1567582.5414633367,1950000.4206070474,1845161.8001231307,1505586.8082969207
2025-10-17,1762516.2524607806,1605809.666617508,1553186.5625274123,1510218.9202322806,1543950.0391592595,1919568.8118080667,1818094.1994990462,1492162.4125220794
2025-10-20,1796321.9394947656,1633730.9201060487,1577160.5654647294,1521880.524341091,1566971.531667194,1946709.6405468762,1834138.9051245803,1508726.8145549316
2025-10-21,1810416.777805076,1613371.5629836274,1560826.1630675737,1534247.430919155,1562074.041989765,1955426.045488435,1841280.9099120253,1514398.796562912
2025-10-22,1800758.4767399936,1551494.364413376,1521087.3662841264,1536276.7922167624,1559935.5417532537,1952528.843233186,1837662.3460768813,1515445.055722
2025-10-23,1817797.134437198,1585142.8660517884,1543113.36548304,1523360.0842280234,1559974.5471090886,1947015.69985016,1819978.1288642043,1520334.0714252014
2025-10-27,1894868.4990457147,1626497.0169135286,1572427.766278023,1558736.3687510337,1630663.5394491765,1992039.8964901746,1890665.6773833388,1554328.606442215
2025-10-28,1925851.2294807888,1624465.324305649,1565100.7694823686,1545695.4944186057,1624055.542668781,1988110.9071217359,1923997.594642555,1556984.6376502533
2025-10-29,1920945.596416923,1640547.6263686372,1584680.9705626909,1558120.1497225608,1621300.547231159,2028390.2253552258,1946181.156917488,1573073.8239142913
2025-10-30,1945973.391475738,1689743.9698630525,1617123.1646697463,1564486.9863486136,1578408.0392965886,2036029.6171379865,1972179.5151538008,1576013.0994079132
2025-10-31,1995145.1426523528,1759294.7180758668,1671986.56760096,1566627.3456835593,1560813.5349020574,2026874.6091633618,2034746.0649146193,1588364.771101715
2025-11-03,2024869.554842111,1763479.7219515992,1655774.1676070634,1561546.4933123435,1563649.536092243,2024081.3578549207,2051406.8539504164,1592296.146265747
2025-11-04,2047652.8517539955,1838545.5681697084,1700828.1670730058,1553245.3587221946,1532857.5393271062,2004473.6175556958,2066623.241077339,1585777.899969818
2025-11-05,2013154.3152332047,1714971.444131012,1623981.1644027175,1541752.4875769462,1521996.0057272527,1966159.7376366437,2050005.1782588118,1566340.1451137085
2025-11-06,2017848.016826694,1729615.3539344026,1632976.7657439653,1529795.4566340293,1536041.4332708928,1968955.7576924146,2031737.6429137343,1571494.5155799408
2025-11-07,1951181.3567615503,1664197.6852828218,1587841.3673522417,1512676.6944575156,1514950.9726919744,1952632.6434155286,1969341.4095687026,1545584.688637497
2025-11-10,1938543.1036078257,1659894.149121399,1583141.7686812822,1512874.594779476,1536769.8193029973,1967437.6072102368,1963127.38124839,1550502.4462344665
2025-11-11,1917283.8654551809,1642652.609593506,1569155.7692153398,1509416.9271159018,1535340.5499319646,1965505.859350282,1948941.889038002,1549768.632368805
2025-11-12,1937805.8447979465,1650067.646199341,1566551.4697616044,1522891.9060811307,1536578.648717365,1987853.157768327,1988208.3245562667,1563955.7375018615
2025-11-13,1977109.703955364,1658427.0308715058,1564754.9694945756,1524887.578655937,1544175.9025244329,1977732.3981686414,2018508.3762015456,1573540.087929489
2025-11-14,1958939.954550502,1654753.9212981416,1561109.566265816,1504018.252404777,1507872.0338339421,1944067.5229073346,1997745.6257189864,1551877.4166572113
2025-11-17,1983634.2040983804,1663990.1779433442,1562859.6678740922,1496246.468904106,1496053.0350241277,1940196.489498216,2026314.2789019698,1547892.3546950836
2025-11-18,1900670.7783024556,1571877.5753813935,1498243.271618599,1450622.4343734663,1476674.5400061223,1879525.298567222,1931403.0074195021,1510469.1172339935
2025-11-19,1875663.379680156,1551607.8164321138,1483132.4684264604,1446939.0389562375,1452198.0418905828,1876500.507502006,1914380.4492091292,1500245.9700934906
2025-11-20,1955855.753828268,1603295.4184027864,1526055.2668120803,1489251.9619281003,1522211.0384115789,1943833.7169555887,2010172.5948142165,1551231.598351242
2025-11-21,1866487.53349838,1545146.2167674256,1487057.9692275468,1446916.5632305753,1455162.5451101873,1871030.0375885232,1895603.196100151,1501778.96061969
2025-11-24,1890480.615066997,1599125.3172064973,1525538.3657500688,1466310.7343182524,1466101.0412115667,1882899.3867935403,1925167.7240103835,1525725.4559142608
2025-11-25,1960756.192528606,1629276.869414444,1542745.3652160112,1491214.2960832517,1488639.5460104558,1913053.0486015542,2012988.149476921,1541836.6862876434
2025-11-26,2023738.3219070868,1674413.7690516664,1582276.5670669023,1539197.4069725778,1521927.0343603704,1933924.4013733133,2073710.5530661696,1563356.3047664184
2025-11-27,2069660.402983514,1721672.725779648,1616372.1689422077,1558051.985374197,1544347.0387854192,1944778.612287925,2132480.3581904527,1585763.3837707061
2025-11-28,2102239.792685287,1711917.1610213472,1610666.7625396196,1579644.6980611724,1541313.542127094,1945306.4554313882,2183320.195896065,1583479.878781082
2025-12-01,2085652.751464801,1714472.676335449,1616004.7692153398,1584398.1411764068,1592263.5405325505,1914025.1062301858,2173512.854783928,1578941.150751831
2025-12-02,2066033.35476378,1754201.2163401796,1648547.5649306718,1579985.2038826195,1610582.5397009465,1931811.3562874063,2146501.766799843,1588229.7191417236
2025-12-03,2056136.10648393,1688590.1127425386,1604999.96629023,1585558.6162542745,1627166.5387014959,1962881.8780845865,2150919.0703581925,1594505.1119010467
2025-12-04,2055579.7718900847,1669250.015477295,1590101.5638625566,1578935.558362753,1627027.537023029,1944581.5686630472,2131676.858251488,1592203.3459460754
2025-12-05,2102766.1153383763,1710326.7683860017,1613099.366818184,1593332.8843254468,1635961.5481772039,1963789.5272926553,2189616.575153267,1609246.7152411956
2025-12-08,2099987.396937181,1700763.9225436402,1607739.9697616044,1606681.0716614148,1640218.5488409612,1987563.6978286966,2202363.129983818,1614491.2238566894
2025-12-09,2104540.869029241,1726153.4701491548,1622246.9678924028,1596804.5194115064,1633876.5408224675,1974458.4310058816,2200905.5909499284,1618650.715424301
2025-12-10,2191090.8750772798,1829435.4193106843,1691467.7678801958,1617179.269453468,1626906.0405172918,1986962.7495102151,2269202.346456444,1634368.7385795135
2025-12-11,2156140.7733350005,1877133.3152323917,1715378.5649306718,1578963.970079841,1598760.0370382878,1956669.2356094583,2226404.9497031327,1623004.3653743286
2025-12-12,2175261.9091614583,1903344.219946976,1726713.3673522417,1586338.1214050672,1593898.542279682,1967992.7567466958,2241959.5021456834,1633319.640778305
2025-12-15,2179169.7844227194,1959073.768973465,1757635.1662719194,1574097.4305481336,1577675.0392965886,1931726.6434730752,2226599.6936778184,1621979.6659705658
2025-12-16,2099783.5593611407,1894625.0641165923,1701561.5614592973,1557191.3175072095,1533264.5397009465,1909596.7556213601,2154625.444229042,1591053.9674193878
2025-12-17,2108522.837852981,1925132.7673579408,1717880.3649489824,1556361.3198036572,1514778.5481772039,1903604.5551094278,2152506.825153267,1597362.6900432128
2025-12-18,2104122.703268436,1913337.026133652,1703895.768948311,1546198.840334358,1505717.5442633245,1893728.900934623,2141750.394897377,1590535.1307036895
2025-12-19,2135378.139844997,1920334.0745021056,1704508.3686873857,1546097.5974563975,1538839.5454992864,1901926.8034271463,2178307.986349022,1613154.2556140441
2025-12-22,2168476.0893585617,1921786.8178931428,1701575.9705626909,1561021.7941612622,1577188.5504660222,1932908.4398941263,2207107.4287108537,1634264.6193931121
2025-12-23,2167416.691945011,1934541.863347168,1708707.967625374,1562076.5391220471,1557529.5419058416,1949750.6873306497,2210445.0654009935,1634420.299692871
2025-12-24,2201354.009261785,1938552.5693122104,1712924.869488472,1561618.0421547317,1566784.0417685125,1955561.594484733,2243812.0064963456,1643709.3148238678
2025-12-26,2182696.7798980726,1967347.9735003663,1731668.2692153398,1576224.579130592,1572396.0410742376,1978007.9669746622,2233749.8882578965,1649945.2215449829
2025-12-29,2213643.0358566944,1971925.364380951,1737936.165470833,1595888.7778610608,1576363.0403952214,1988896.6102585061,2275500.4443720933,1660036.454848053
2025-12-30,2198039.7558148624,1941278.5183249663,1715681.9694945756,1593359.21518177,1570650.5419058416,1978118.4481834634,2262253.0916442033,1652570.946675064
2025-12-31,2211485.4554133583,1937254.92119133,1723251.1678740922,1603961.8170761487,1586594.0393118474,1998600.5042213663,2265003.3027514573,1654484.9288260955
2026-01-02,2208206.5815670025,1892515.3162184907,1702713.8673522417,1637617.9375671763,1609777.5444311711,2030665.9256691202,2267685.9025630113,1662828.6486556549
2026-01-05,2249648.7620437103,1947623.1145793155,1739296.2665450517,1682066.1085209006,1630303.53839632,2091477.9094642862,2322232.2395743486,1683867.414866211
2026-01-06,2310644.006614549,2013091.673010941,1798689.5657317585,1705296.9412483862,1668691.5397009465,2131040.0767082437,2383162.145849144,1718138.9915664215
2026-01-07,2254302.9738124404,1974847.165408249,1791187.9673583452,1722203.7259499796,1663483.5418905828,2140396.6500770426,2369706.2880686875,1720303.6204841156
2026-01-08,2205195.531072389,2043735.5696574403,1825540.1660048903,1696626.6961907996,1642621.5387701604,2141084.9101535655,2332178.5921591874,1709614.3638637085
2026-01-09,2202488.9293697258,1983938.1219550325,1785032.9700286333,1683896.729377617,1651132.5461630437,2132500.360999284,2317247.1948870774,1706164.1750075836
2026-01-12,2246708.77913187,1988196.6655417637,1803225.1636016315,1714148.9917305773,1700362.5334295842,2159271.2788955546,2382207.687158501,1732812.9090087432
2026-01-13,2287343.677873432,1966292.0699721528,1814220.1700103227,1731622.4162584876,1687293.5414633367,2168415.766244111,2430963.193477547,1742778.2757689971
2026-01-14,2347760.5524179223,2003154.87207901,1816111.766010994,1733565.6273150975,1715164.5416006658,2178038.917256532,2463619.3959921952,1758647.8576419372
2026-01-15,2298673.076368396,2035649.3122016145,1823802.766278023,1719689.948051525,1712122.5346655461,2161578.481562791,2414227.7377566453,1750415.5117003936
2026-01-16,2351488.8247045246,2047705.867224808,1825194.366818184,1723301.69466008,1812005.5470938298,2203581.393668351,2473705.5977839585,1786463.1595199127
2026-01-19,2341651.7305402253,1997183.7742778016,1778790.566532845,1727253.2174222944,1837847.5391592595,2208205.2823097087,2436436.045511162,1788410.5449359436
2026-01-20,2346766.100325336,2018937.170132752,1790622.7686812822,1726064.6226270674,1843538.5469717595,2238281.7605659342,2480483.694600975,1800950.1072986145
2026-01-21,2280825.932917868,1982347.2129584504,1750261.9673583452,1699901.3454168318,1853202.5397848699,2192382.3398238993,2421842.937444603,1773788.5782096405
2026-01-22,2377986.679550016,1991907.9169799043,1767305.1630675737,1727610.6409299849,1955336.5392965886,2222980.7332031108,2501648.4987200852,1816380.6453712005
2026-01-23,2497271.6331962734,2030138.9169284056,1783884.1670730058,1788363.3916929243,1972034.5404104802,2234019.5984794474,2663212.090055382,1842779.3358562011
2026-01-26,2518250.52856962,2005048.7654200743,1785193.7686812822,1854800.5195386885,1970047.5373587224,2228338.962107835,2718498.5377825852,1849801.9399707336
2026-01-27,2576922.899805704,2021745.87182724,1796918.7665450517,1867654.384897041,2011848.536229572,2253430.3131419993,2765184.739860451,1872837.8795840759
2026-01-28,2607069.605612169,2049963.922955628,1808932.5686690751,1872073.948291588,2047820.5359701726,2285291.552149949,2816512.4932383653,1889960.2518794555
2026-01-29,2532881.9013020126,2030957.3756591035,1790185.3705565874,1853223.4234350205,1986359.5407003972,2259416.971289811,2741099.1744655683,1856796.7448279876
2026-01-30,2488078.275058483,1983876.4233542637,1716965.066265816,1820593.4346940992,1984757.538106403,2214777.1566860056,2689561.786182501,1825471.3563430328
2026-02-02,2448823.302610248,1994630.324250336,1718168.1692092365,1777764.8031194685,1915735.5355810735,2193088.790026841,2657420.3430449273,1797358.5239322204
2026-02-03,2542204.8784119524,2063764.4697657777,1767504.7654769365,1824876.2361886976,1976088.5410589788,2246108.8100177622,2785245.7136584586,1843417.7057940979
2026-02-04,2646026.1322534974,2072394.064803238,1763899.1662719194,1828404.4193552013,1987174.5334295842,2239435.23204535,2882970.776719364,1867368.773514511
2026-02-05,2564820.1086027445,1985656.3207541655,1698136.9705626909,1805385.628482628,1911416.5461783025,2205011.898886857,2776296.492869095,1822403.4648940582
2026-02-06,2519755.5414514937,2044428.9698268129,1769021.0643966142,1785258.2412374497,1898105.5370382878,2214682.660216508,2735580.3415782014,1821402.9677951355
2026-02-09,2667617.867295938,2190206.9714328004,1868659.064930672,1833438.2157927589,1933019.5391745183,2263855.2441646433,2928872.041773514,1879160.8489673156
2026-02-10,2698387.583242716,2305994.4713011933,1946720.267880196,1863348.7988082008,1954665.548024616,2318389.429266389,2961334.2475230256,1906513.3495414276
2026-02-11,2767761.0664286893,2378900.171082611,1997074.3692214435,1865814.6614485816,2016686.5465521428,2355865.2110355655,3032504.4972331086,1944545.1409633178
2026-02-23,2784147.993589689,2352580.1136275483,1960576.166805977,1847769.401564701,2095116.5361227605,2383704.914238458,3047608.5395342866,1987489.551174881
2026-02-24,2906132.7502007764,2394052.46656334,1987992.7657439653,1878130.584567173,2208961.542668781,2462759.093751989,3202663.9475733796,2055949.8166282196
2026-02-25,2992561.3287216923,2455658.623675461,2032121.0657317585,1908390.5452281076,2288688.5402273745,2528161.4968229346,3309876.6445033113,2098568.5441596527
2026-02-26,3022191.112891868,2420488.516390915,1997735.2668120803,1949491.9932986333,2291463.543752155,2548813.4473357517,3410903.247378067,2126444.1277396698
2026-03-02,2956707.0327897714,2427253.1223174287,1997348.667874092,1926492.0944300727,2297365.539311847,2573170.719043643,3398211.042238907,2123044.0635306854
2026-03-03,2870605.7136823325,2414119.916052933,1977859.366818184,1877463.7729331087,2200890.54280611,2493702.835929847,3253755.9415041963,2064682.2326324005
2026-03-04,2696240.172576337,2227628.021720047,1844088.1657378615,1796671.4017306403,2054896.5435843084,2398039.883954978,3073224.6468188325,1956469.1167686004
2026-03-05,2843182.863554328,2389947.065146561,1957940.56092524,1840114.768588169,2164597.5391440005,2456416.850254035,3244821.3449885407,2033068.5652396698
2026-03-06,2842968.136255641,2424525.526124115,1986391.3686873857,1855108.9740573005,2138602.548161945,2448692.543119407,3214603.24708815,2025496.7748897094
2026-03-09,2659166.7537324424,2281665.9186717225,1913915.9713637773,1810293.4417639808,1993267.5413794133,2329154.822334266,2976788.0385386506,1921280.822539093
2026-03-10,2803058.3840927784,2374500.9677954866,1948597.5641295852,1822689.090678318,2084430.532765827,2399995.3917045356,3168238.537234024,1989053.8776214141
2026-03-11,2885266.9267213037,2470293.4688674165,2006718.566265816,1898478.4963770944,2224988.5407690615,2537190.991037345,3316750.2451083222,2068876.7663009185
2026-03-12,2944301.917863576,2497866.62088501,2011144.1649367756,1899925.51406966,2209080.537160358,2489669.7765750648,3387741.7425486604,2068868.1819217224
2026-03-13,2976778.8680474446,2422362.713463898,1952321.7649428789,1876271.542563541,2257113.5405325503,2493050.9341697455,3438133.2427088777,2085044.2244060058
2026-03-16,2919692.470380513,2422227.4711390687,1937673.767079109,1876275.752635105,2295469.534123859,2462000.5870551826,3356607.336619095,2071644.7361285705
2026-03-17,3040549.826360433,2492599.820727463,1987655.366818184,1898860.4199400975,2339955.544431171,2487104.993526435,3426785.142073349,2111170.0182311554
2026-03-18,3054558.014909474,2683232.471671219,2104875.368420357,1901018.8043604929,2406489.5363974185,2544624.388582206,3486673.3370387116,2153659.5820052642
2026-03-19,3116913.611379354,2662264.363700028,2077886.8678862995,1856441.2585364415,2387213.5369543643,2501359.7386321784,3553247.0378443757,2149447.129978897
2026-03-20,3075101.8641450093,2663711.2700377656,2089423.0657317585,1865944.7548953127,2357196.5354132266,2485443.5846576453,3503192.244833664,2133676.228520157
2026-03-23,2991928.4726349995,2566536.970820541,2036800.26467585,1798537.8586627082,2234763.5453466983,2423072.1923007728,3396764.8473879853,2068951.4819991607
2026-03-24,2926633.6713387654,2507992.020774002,2026826.666805977,1802316.601407154,2197105.5414480777,2410872.4387264014,3315625.0464427033,2046720.929791214
2026-03-25,3052750.1208436177,2716963.9732886506,2156910.564663643,1810501.1063338355,2355269.53700777,2490982.185085273,3484206.5423991242,2142434.980797531
2026-03-26,3097328.5237672017,2704043.9216910554,2156002.970562691,1806208.50650893,2330350.55099245,2497977.798307395,3525377.3473879853,2151736.983181717
2026-03-27,3069957.070237844,2680518.91114151,2142565.264408821,1808189.950934513,2332088.537854633,2477389.2871436835,3491473.2362734834,2138680.525511505
2026-03-30,2976363.4266907857,2647628.225827332,2116751.370823616,1757904.7090521888,2302055.544957599,2448098.9950980903,3403395.345324234,2108831.541147949
2026-03-31,2820037.5213868306,2465064.974488373,2002352.7697493972,1725193.5521937446,2156316.5448050112,2363220.617321296,3193653.443903641,2008418.0345256347
2026-04-01,2992135.9726884053,2682327.9220305635,2147519.8700225297,1740496.7090178565,2297303.541768512,2498161.2978872866,3408327.9369494477,2126169.7340819854
2026-04-02,2934571.2219826863,2619605.5740081025,2093548.368420357,1722380.6573000983,2285216.5417379946,2432178.898007831,3343318.5399539033,2090927.3378608245
2026-04-07,3017779.768296926,2680317.9191695405,2119027.768948311,1737118.4522791938,2410427.5399908633,2484037.644868335,3418874.4419390718,2141035.0347983856
2026-04-08,3249149.271001546,2842238.167250748,2227642.5651977006,1803552.702761753,2610105.5343451113,2612197.739881,3723334.339438156,2266763.830796005
2026-04-09,3282447.8180367635,2826992.6678725434,2228542.767346138,1808778.7564784123,2608458.53839632,2651586.894036731,3800000.9370791474,2292655.029087784
2026-04-10,3405194.370233266,2996494.8691817475,2334655.969494576,1818616.6038428384,2693028.544042072,2666375.8999456973,3870659.4391734162,2326973.7812087554
2026-04-13,3410998.3180367635,2974525.2657424165,2348314.7668120805,1856771.7491923408,2690887.537312946,2697055.3925566287,3912431.6361186067,2346317.7767608184
2026-04-14,3621325.2147996114,3041809.7630072786,2406011.1630675737,1916155.257853611,2680587.5377173037,2741356.6921553225,4091442.642653183,2394048.02755809
2026-04-15,3775516.467164724,3148300.6239520265,2470852.1676070634,1958390.607216938,2706373.5360922427,2818064.0431913943,4324014.742853836,2470954.5360400695
2026-04-16,3848030.175996511,3247204.570490952,2541838.768948311,2021666.6573668555,2802697.5426992984,2839662.1461500735,4418295.841753677,2514576.2391860504
2026-04-17,3826042.2653367207,3284580.819481964,2561339.768147225,2031759.8074446756,2802006.53839632,2869023.4358205446,4492614.537249283,2537591.6305453796
2026-04-20,3835781.8609788106,3241028.3648387147,2540749.167073006,2035710.1555319864,2887987.5329184146,2800604.722962146,4434462.336909012,2528647.625296356
2026-04-21,3988429.170926778,3474989.067195053,2693033.7657439653,2110583.8518210487,3020034.5394339175,2809679.1218359633,4594116.644968704,2579968.532700302
2026-04-22,4111835.97445461,3489178.4732657624,2703524.366818184,2207676.757762058,3023334.5460104556,2823884.7206127276,4762589.7452685395,2603491.2847754974
2026-04-23,4040058.971257894,3355565.776166077,2589227.369221444,2138063.7077208594,2982070.5374655337,2806480.310640754,4692663.437498764,2559469.4890277404
2026-04-24,4322737.528321951,3469375.7768546296,2651993.7684142534,2221414.4550086097,3117213.543736896,2867613.861799659,5022488.444307999,2640587.0391738433
2026-04-27,4472487.473638265,3543197.970534439,2686628.7641417924,2235260.800719364,3135479.541570148,2929919.6107391734,5160903.146628098,2682106.1790282745
2026-04-28,4416736.765500753,3671356.365698929,2774488.1646697465,2323663.5055476264,3192775.5350241275,2942020.4061111826,5146756.242594437,2705214.729450943
2026-04-29,4415842.664003103,3569435.718520279,2706395.76467585,2304725.4559966163,3199769.53839632,2915168.807558479,5146649.939173416,2701834.528805496
2026-04-30,4479619.366552084,3692615.266127701,2731851.968960518,2309936.1105071143,3272073.5451407046,2896600.914358558,5250000.639803604,2726578.081528427
2026-05-04,4757543.875394552,3974364.7140475465,2922957.161198372,2434370.402346714,3349306.537145099,3065074.0073875804,5610030.644663529,2846884.6272342224
2026-05-05,4864321.665862477,3966394.6142474366,2921160.1633346025,2561391.206229313,3315493.5360922427,3035485.0070442576,5727394.242968277,2849286.728728058
2026-05-06,5058997.022982991,3939208.521769638,2949542.563595528,2717157.657988651,3338302.542378864,3095916.1081070323,6024276.647207932,2914315.5859458465
2026-05-07,5130855.070033467,4053304.270024414,3012555.3686873857,2733275.354022129,3423201.5460257144,3135528.063982429,6027370.146963791,2954598.1831576843
2026-05-08,5102333.468772328,3792238.066630478,2898532.5678679887,2851433.1561804847,3275779.534917316,3096431.3551659007,5964070.439219193,2891218.031731369
2026-05-11,5278299.014510549,4066264.4215441896,3062428.3686873857,2987837.1063948707,3366930.5428213687,3119285.262079658,6232765.042338089,2965427.0833804626
2026-05-12,5268155.367778218,3998430.715968247,3010914.166805977,2917332.6512061195,3342137.538243732,3149102.4564880747,6203065.738878922,2975424.8782622833
2026-05-13,5198827.923699773,3909233.718976136,2940270.5670669023,2819404.958008869,3334434.539174518,3108595.0085853953,6084880.74254866,2956438.8827998657
2026-05-14,5267131.86413709,4169267.515196915,3123911.96629023,2836414.508023365,3310432.5472464175,3101515.8160271067,5965100.448008255,2965545.3312308807
2026-05-15,5023238.067065633,3933834.8707247926,2961948.5665328447,2743711.8474138523,3151240.5412954898,3078809.9074463267,5716270.146673874,2891371.5816791076
2026-05-18,5116517.814631856,3907183.418177719,2939440.566799873,2808500.1213169973,3096788.533818683,3039475.9041084666,5706763.437498764,2870577.6823165435
2026-05-19,5000844.670743383,3786350.721316452,2832315.9737670366,2716773.9527749405,3009480.5419058413,2973003.2634987254,5482621.736769394,2813817.5395858306
2026-05-20,4999290.595358369,3748850.724057312,2813953.368153328,2736665.863629524,3007230.54923006,2955022.115744056,5462191.032108587,2803389.336199524
2026-05-21,5379502.767950399,3960205.817706223,2948714.165737862,2914809.99828524,3217018.542516193,3071303.978721664,5918759.94970112,2959291.782459976
2026-05-22,5750425.007694585,4005640.961083527,2983169.764942879,3071168.448318428,3339044.5362600894,3097179.375457809,6289170.150433202,3053055.622122528
2026-05-25,6261644.210094793,4119316.0637503816,3085393.564663643,3284154.297573036,3505260.532750568,3216538.272396133,6865793.603190577,3232471.9741866607
2026-05-26,6121923.812895162,4283587.319151993,3146879.968960518,3287852.8490085066,3658845.549382648,3199918.578319675,6810609.271814085,3246419.1830337066
2026-05-27,6346224.51871906,4303370.22207367,3186747.5670669023,3465953.7462043227,3781951.537023029,3274397.43852337,7104624.654652861,3343618.532316925
2026-05-28,6178835.411659582,4051922.971387024,3035900.970295662,3349883.852813667,3618554.544042072,3244750.7107990775,6803951.471651625,3263132.234884979
2026-05-29,6181715.965685232,4080056.313496704,3037213.9665572587,3383753.303319877,3749975.544042072,3325730.300688127,6769492.4826281415,3299154.582392456
