date,2303.TW,2308.TW,2317.TW,2327.TW,2330.TW,2345.TW,2383.TW,2454.TW,3037.TW,3711.TW
2024-01-02,0,5,22,10,24,31,0,15,12,0
2024-01-03,0,5,22,10,24,31,0,15,12,0
2024-01-04,0,5,22,10,24,31,0,15,12,0
2024-01-05,0,5,22,10,24,31,0,15,12,0
2024-01-08,0,5,22,10,24,31,0,15,12,0
2024-01-09,0,5,22,10,24,31,0,15,12,0
2024-01-10,0,5,22,10,24,31,0,15,12,0
2024-01-11,0,5,22,10,24,31,0,15,12,0
2024-01-12,0,5,22,10,24,31,0,15,12,0
2024-01-15,0,5,22,10,24,31,0,15,12,0
2024-01-16,0,5,22,10,24,31,0,15,12,0
2024-01-17,0,5,22,10,24,31,0,15,12,0
2024-01-18,0,5,22,10,24,31,0,15,12,0
2024-01-19,0,5,22,10,24,31,0,15,12,0
2024-01-22,0,5,22,10,24,31,0,15,12,0
2024-01-23,0,3,20,10,22,34,0,13,13,0
2024-01-24,0,3,20,10,22,34,0,13,13,0
2024-01-25,0,3,20,10,22,34,0,13,13,0
2024-01-26,0,3,20,10,22,34,0,13,13,0
2024-01-29,0,3,20,10,22,34,0,13,13,0
2024-01-30,0,0,20,3,22,34,0,4,13,0
2024-01-31,16,0,1,-11,0,-5,0,5,-9,0
2024-02-01,19,5,5,-10,-2,-6,0,3,-9,2
2024-02-02,2,2,0,-14,11,-8,0,1,-5,0
2024-02-05,19,2,0,-14,0,-6,0,5,-11,2
2024-02-15,3,0,0,-12,5,-3,0,0,0,0
2024-02-16,16,4,3,-11,-3,-7,0,4,-10,1
2024-02-19,0,-1,0,-14,8,0,0,0,0,-5
2024-02-20,14,3,1,-11,-1,-8,0,5,-12,2
2024-02-21,0,2,0,-14,0,-8,0,9,-3,-2
2024-02-22,16,3,1,-13,-3,-10,0,4,-13,4
2024-02-23,-3,0,0,-16,11,-5,0,2,3,-4
2024-02-26,16,4,0,-15,-7,-11,0,2,-12,6
2024-02-27,-6,0,8,-14,13,0,0,0,11,-2
2024-02-29,13,3,-1,-16,-2,-10,0,3,-10,4
2024-03-01,0,-1,0,-14,11,0,0,0,2,-8
2024-03-04,13,3,-1,-4,-2,-10,0,3,-10,4
2024-03-05,2,3,0,0,9,-8,0,1,-2,-4
2024-03-06,10,1,-2,0,-1,-9,0,4,-10,3
2024-03-07,10,2,0,0,0,-17,0,10,-15,0
2024-03-08,9,0,-3,0,-1,-9,0,2,-11,2
2024-03-11,0,1,2,0,9,-4,0,0,-2,-5
2024-03-12,15,0,0,0,-2,-8,0,0,-9,4
2024-03-13,-2,0,1,0,8,0,0,0,0,-4
2024-03-14,17,1,1,0,-1,-8,0,1,-9,4
2024-03-15,0,7,0,0,9,-11,0,0,-4,0
2024-03-18,18,2,1,0,-1,-9,0,4,-11,5
2024-03-19,18,3,0,0,-1,-9,0,4,-11,5
2024-03-20,18,2,1,0,-1,-9,0,4,-11,5
2024-03-21,18,3,1,0,-1,-9,0,4,-11,5
2024-03-22,18,3,1,0,-1,-9,0,4,-11,5
2024-03-25,18,3,1,0,-1,-9,0,4,-11,5
2024-03-26,18,3,1,0,-1,-9,0,4,-11,5
2024-03-27,18,3,1,0,-1,-9,0,4,-11,5
2024-03-28,18,3,0,0,-1,-9,0,4,-11,5
2024-03-29,18,1,1,0,-1,-9,0,4,-9,5
2024-04-01,18,0,1,0,-1,-9,0,3,0,5
2024-04-02,18,3,0,0,-1,-9,0,2,0,5
2024-04-03,18,0,0,0,-1,-9,0,3,0,5
2024-04-08,18,0,1,0,-1,-9,0,3,0,5
2024-04-09,17,0,0,0,0,-8,0,2,0,4
2024-04-10,17,0,1,0,0,-8,0,2,0,4
2024-04-11,13,0,0,0,-1,-11,0,4,0,4
2024-04-12,17,0,1,0,0,-8,0,2,0,4
2024-04-15,16,2,0,0,0,-10,0,2,0,5
2024-04-16,14,6,0,0,0,-13,0,3,0,0
2024-04-17,13,0,1,0,0,-14,0,5,0,0
2024-04-18,13,0,0,0,0,-14,0,5,0,0
2024-04-19,13,1,0,0,0,-14,0,5,0,0
2024-04-22,13,0,2,0,0,-14,0,5,0,0
2024-04-23,13,1,1,0,0,-14,0,5,0,0
2024-04-24,13,1,0,0,0,-14,0,5,0,0
2024-04-25,13,1,0,0,0,-14,0,5,0,0
2024-04-26,13,2,0,0,0,-14,0,5,0,0
2024-04-29,14,6,0,0,0,-10,0,2,0,0
2024-04-30,15,5,2,0,-1,-7,0,1,0,3
2024-05-02,11,5,0,0,4,-11,0,0,0,0
2024-05-03,14,3,2,0,0,-6,0,0,0,3
2024-05-06,16,0,0,0,0,-10,0,4,0,1
2024-05-07,17,7,4,0,-1,-8,0,0,0,3
2024-05-08,16,7,3,0,0,-8,0,0,0,2
2024-05-09,19,7,5,0,-2,-9,0,0,0,5
2024-05-10,14,0,0,0,1,-13,0,5,0,1
2024-05-13,15,8,2,0,0,-12,0,1,0,5
2024-05-14,12,8,3,0,0,-15,0,2,0,6
2024-05-15,10,9,0,0,0,-17,0,4,0,0
2024-05-16,1,0,-1,0,0,-19,0,9,0,0
2024-05-17,11,0,1,0,-1,-14,0,5,0,2
2024-05-20,8,0,0,0,0,-15,0,7,0,3
2024-05-21,12,0,1,0,-1,-15,0,5,0,3
2024-05-22,5,0,0,0,0,-13,0,7,0,0
2024-05-23,12,-4,1,0,0,0,0,0,0,1
2024-05-24,7,0,0,0,0,0,0,0,0,0
2024-05-27,12,-4,1,0,0,0,0,0,0,1
2024-05-28,8,0,0,0,0,0,0,0,0,0
2024-05-29,12,-4,1,0,0,0,0,0,0,1
2024-05-30,11,-1,-1,0,0,0,0,0,0,0
2024-05-31,12,-4,0,0,1,0,0,0,0,0
2024-06-03,12,-4,0,0,1,0,0,0,0,0
2024-06-04,12,-5,0,0,0,0,0,1,0,0
2024-06-05,18,-5,0,0,0,0,0,0,0,3
2024-06-06,8,0,0,0,0,0,0,0,0,0
2024-06-07,21,-5,2,0,0,0,0,0,0,1
2024-06-11,3,0,0,0,0,0,0,0,0,0
2024-06-12,17,-3,1,0,0,0,0,0,0,0
2024-06-13,17,-3,0,0,0,0,0,0,0,0
2024-06-14,18,-2,0,0,0,0,0,0,0,-1
2024-06-17,18,-2,0,0,0,0,0,0,0,-1
2024-06-18,15,-5,-3,0,0,0,0,1,0,1
2024-06-19,13,-2,0,0,0,0,0,0,0,0
2024-06-20,13,-2,1,0,0,0,0,0,0,0
2024-06-21,15,-5,-3,0,0,0,0,1,0,1
2024-06-24,15,-8,-4,0,0,0,0,2,0,1
2024-06-25,7,0,0,0,0,0,0,0,0,0
2024-06-26,18,-6,-1,0,0,0,0,1,0,0
2024-06-27,13,0,-2,0,0,0,0,0,0,0
2024-06-28,17,-6,-2,0,1,0,0,0,0,4
2024-07-01,12,-4,-6,0,1,0,0,1,0,-1
2024-07-02,17,0,-3,0,0,0,0,0,0,0
2024-07-03,10,0,-2,0,0,0,0,0,0,0
2024-07-04,17,-5,-2,0,0,0,0,0,0,4
2024-07-05,12,0,0,0,0,0,0,0,0,0
2024-07-08,16,-2,-2,0,0,0,0,0,0,0
2024-07-09,11,0,0,0,0,0,0,0,0,0
2024-07-10,21,-5,1,0,0,0,0,0,0,2
2024-07-11,8,0,0,0,0,0,0,0,0,0
2024-07-12,4,0,-1,0,0,0,0,0,0,0
2024-07-15,0,0,0,0,0,0,0,0,0,0
2024-07-16,0,0,0,0,0,0,0,0,0,0
2024-07-17,0,0,0,0,0,0,0,0,0,0
2024-07-18,0,0,0,0,0,0,0,0,0,0
2024-07-19,0,0,0,0,0,0,0,0,0,0
2024-07-22,8,0,-2,0,0,0,0,0,0,0
2024-07-23,4,0,-1,0,0,0,0,0,0,0
2024-07-26,11,0,-3,0,0,0,0,0,0,0
2024-07-29,11,0,-3,0,0,0,0,0,0,0
2024-07-30,11,0,-3,0,0,0,0,0,0,0
2024-07-31,6,0,-1,0,0,0,0,0,0,0
2024-08-01,0,0,0,0,0,0,0,0,0,0
2024-08-02,8,0,-2,0,0,0,0,0,0,0
2024-08-05,7,0,-2,0,0,0,0,0,0,0
2024-08-06,6,0,-2,0,0,0,0,0,0,0
2024-08-07,10,0,-3,0,0,0,0,0,0,0
2024-08-08,6,0,-2,0,0,0,0,0,0,0
2024-08-09,7,0,-2,0,0,0,0,0,0,0
2024-08-12,6,0,-2,0,0,0,0,0,0,0
2024-08-13,7,0,-2,0,0,0,0,0,0,0
2024-08-14,7,0,-2,0,0,0,0,0,0,0
2024-08-15,7,0,-2,0,0,0,0,0,0,0
2024-08-16,0,0,0,0,0,0,0,0,0,0
2024-08-19,0,0,0,0,0,0,0,0,0,0
2024-08-20,0,0,0,0,0,0,0,0,0,0
2024-08-21,0,0,0,0,0,0,0,0,0,0
2024-08-22,0,0,0,0,0,0,0,0,0,0
2024-08-23,0,0,0,0,0,0,0,0,0,0
2024-08-26,0,0,0,0,0,0,0,0,0,0
2024-08-27,0,0,0,0,0,0,0,0,0,0
2024-08-28,0,0,0,0,0,0,0,0,0,0
2024-08-29,0,0,0,0,0,0,0,0,0,0
2024-08-30,0,0,0,0,0,0,0,0,0,0
2024-09-02,0,0,0,0,0,0,0,0,0,0
2024-09-03,0,0,0,0,0,0,0,0,0,0
2024-09-04,0,0,0,0,0,0,0,0,0,0
2024-09-05,0,0,0,0,0,0,0,0,0,0
2024-09-06,0,0,0,0,0,0,0,0,0,0
2024-09-09,0,0,0,0,0,0,0,0,0,0
2024-09-10,0,0,0,0,0,0,0,0,0,0
2024-09-11,0,0,0,0,0,0,0,0,0,0
2024-09-12,0,0,0,0,0,0,0,0,0,0
2024-09-13,0,0,0,0,0,0,0,0,0,0
2024-09-16,0,0,0,0,0,0,0,0,0,0
2024-09-18,0,0,0,0,0,0,0,0,0,0
2024-09-19,0,0,0,0,0,0,0,0,0,0
2024-09-20,6,0,-2,0,0,0,0,0,0,0
2024-09-23,7,0,-2,0,0,0,0,0,0,0
2024-09-24,7,0,-2,0,0,0,0,0,0,0
2024-09-25,7,0,-2,0,0,0,0,0,0,0
2024-09-26,0,0,0,0,0,0,0,0,0,0
2024-09-27,0,0,0,0,0,0,0,0,0,0
2024-09-30,8,0,-2,0,0,0,0,0,0,0
2024-10-01,7,0,-2,0,0,0,0,0,0,0
2024-10-04,11,0,-3,0,0,0,0,0,0,0
2024-10-07,11,0,-3,0,0,0,0,0,0,0
2024-10-08,12,0,-3,0,0,0,0,0,0,0
2024-10-09,12,0,-3,0,0,0,0,0,0,0
2024-10-11,12,0,-3,0,0,0,0,0,0,0
2024-10-14,11,0,-3,0,0,0,0,0,0,0
2024-10-15,0,0,0,0,0,0,0,0,0,0
2024-10-16,8,0,-2,0,0,0,0,0,0,0
2024-10-17,0,0,0,0,0,0,0,0,0,0
2024-10-18,0,0,0,0,0,0,0,0,0,0
2024-10-21,0,0,0,0,0,0,0,0,0,0
2024-10-22,0,0,0,0,0,0,0,0,0,0
2024-10-23,0,0,0,0,0,0,0,0,0,0
2024-10-24,0,0,0,0,0,0,0,0,0,0
2024-10-25,0,0,0,0,0,0,0,0,0,0
2024-10-28,0,0,0,0,0,0,0,0,0,0
2024-10-29,9,0,-2,0,0,0,0,0,0,0
2024-10-30,9,0,-2,0,0,0,0,0,0,0
2024-11-01,9,0,-2,0,0,0,0,0,0,0
2024-11-04,10,0,-2,0,0,0,0,0,0,0
2024-11-05,10,0,-2,0,0,0,0,0,0,0
2024-11-06,9,0,-2,0,0,0,0,0,0,0
2024-11-07,10,0,-2,0,0,0,0,0,0,0
2024-11-08,9,0,-2,0,0,0,0,0,0,0
2024-11-11,10,0,-2,0,0,0,0,0,0,0
2024-11-12,0,0,0,0,0,0,0,0,0,0
2024-11-13,0,0,0,0,0,0,0,0,0,0
2024-11-14,0,0,0,0,0,0,0,0,0,0
2024-11-15,0,0,0,0,0,0,0,0,0,0
2024-11-18,0,0,0,0,0,0,0,0,0,0
2024-11-19,0,0,0,0,0,0,0,0,0,0
2024-11-20,0,0,0,0,0,0,0,0,0,0
2024-11-21,0,0,0,0,0,0,0,0,0,0
2024-11-22,0,0,0,0,0,0,0,0,0,0
2024-11-25,0,0,0,0,0,0,0,0,0,0
2024-11-26,0,0,0,0,0,0,0,0,0,0
2024-11-27,0,0,0,0,0,0,0,0,0,0
2024-11-28,0,0,0,0,0,0,0,0,0,0
2024-11-29,0,0,0,0,0,0,0,0,0,0
2024-12-02,0,0,0,0,0,0,0,0,0,0
2024-12-03,0,0,0,0,0,0,0,0,0,0
2024-12-04,0,0,0,0,0,0,0,0,0,0
2024-12-05,0,0,0,0,0,0,0,0,0,0
2024-12-06,0,0,0,0,0,0,0,0,0,0
2024-12-09,0,0,0,0,0,0,0,0,0,0
2024-12-10,0,0,0,0,0,0,0,0,0,0
2024-12-11,0,0,0,0,0,0,0,0,0,0
2024-12-12,11,-2,0,0,0,0,0,0,0,2
2024-12-13,2,0,0,0,0,0,0,0,0,0
2024-12-16,0,0,0,0,0,0,0,0,0,0
2024-12-17,11,-2,0,0,0,0,0,0,0,2
2024-12-18,2,0,0,0,0,0,0,0,0,0
2024-12-19,0,0,0,0,0,0,0,0,0,0
2024-12-20,0,0,0,0,0,0,0,0,0,0
2024-12-23,0,0,0,0,0,0,0,0,0,0
2024-12-24,0,0,0,0,0,0,0,0,0,0
2024-12-25,0,0,0,0,0,0,0,0,0,0
2024-12-26,0,0,0,0,0,0,0,0,0,0
2024-12-27,0,0,0,0,0,0,0,0,0,0
2024-12-30,0,0,0,0,0,0,0,0,0,0
2024-12-31,0,0,0,0,0,0,0,0,0,0
2025-01-02,0,0,0,0,0,0,0,0,0,0
2025-01-03,0,0,0,0,0,0,0,0,0,0
2025-01-06,0,0,0,0,0,0,0,0,0,0
2025-01-07,0,0,0,0,0,0,0,0,0,0
2025-01-08,0,0,0,0,0,0,0,0,0,0
2025-01-09,0,0,0,0,0,0,0,0,0,0
2025-01-10,0,0,0,0,0,0,0,0,0,0
2025-01-13,0,0,0,0,0,0,0,0,0,0
2025-01-14,0,0,0,0,0,0,0,0,0,0
2025-01-15,0,0,0,0,0,0,0,0,0,0
2025-01-16,0,0,0,0,0,0,0,0,0,0
2025-01-17,0,0,0,0,0,0,0,0,0,0
2025-01-20,0,0,0,0,0,0,0,0,0,0
2025-01-21,0,0,0,0,0,0,0,0,0,0
2025-01-22,0,0,0,0,0,0,0,0,0,0
2025-02-03,14,-2,1,0,0,0,0,0,0,0
2025-02-04,2,0,0,0,0,0,0,0,0,0
2025-02-05,14,-2,1,0,0,0,0,0,0,0
2025-02-06,14,-1,0,0,0,0,0,0,0,0
2025-02-07,0,0,0,0,0,0,0,0,0,0
2025-02-10,0,0,0,0,0,0,0,0,0,0
2025-02-11,0,0,0,0,0,0,0,0,0,0
2025-02-12,0,0,0,0,0,0,0,0,0,0
2025-02-13,0,0,0,0,0,0,0,0,0,0
2025-02-14,0,0,0,0,0,0,0,0,0,0
2025-02-17,0,0,0,0,0,0,0,0,0,0
2025-02-18,0,0,0,0,0,0,0,0,0,0
2025-02-19,0,0,0,0,0,0,0,0,0,0
2025-02-20,0,0,0,0,0,0,0,0,0,0
2025-02-21,0,0,0,0,0,0,0,0,0,0
2025-02-24,0,0,0,0,0,0,0,0,0,0
2025-02-25,0,0,0,0,0,0,0,0,0,0
2025-02-26,0,0,0,0,0,0,0,0,0,0
2025-02-27,0,0,0,0,0,0,0,0,0,0
2025-03-03,12,-3,0,0,0,0,0,0,0,2
2025-03-04,15,-1,0,0,0,0,0,0,0,0
2025-03-05,2,0,0,0,0,0,0,0,0,0
2025-03-06,0,0,0,0,0,0,0,0,0,0
2025-03-07,0,0,0,0,0,0,0,0,0,0
2025-03-10,0,0,0,0,0,0,0,0,0,0
2025-03-11,0,0,0,0,0,0,0,0,0,0
2025-03-12,0,0,0,0,0,0,0,0,0,0
2025-03-13,0,0,0,0,0,0,0,0,0,0
2025-03-14,0,0,0,0,0,0,0,0,0,0
2025-03-17,0,0,0,0,0,0,0,0,0,0
2025-03-18,13,-2,0,0,0,0,0,0,0,1
2025-03-19,12,-3,0,0,0,0,0,0,0,2
2025-03-20,15,-1,1,0,0,0,0,0,0,0
2025-03-21,10,-1,0,0,0,0,0,0,0,0
2025-03-24,12,-3,0,0,0,0,0,0,0,2
2025-03-25,15,-1,0,0,0,0,0,0,0,0
2025-03-26,14,-2,1,0,0,0,0,0,0,0
2025-03-27,14,-2,2,0,0,0,0,0,0,0
2025-03-28,14,-2,1,0,0,0,0,0,0,0
2025-03-31,17,-3,2,0,0,0,0,0,0,0
2025-04-01,13,-2,1,0,0,0,0,0,0,0
2025-04-02,12,-3,0,0,0,0,0,0,0,0
2025-04-07,12,-4,1,0,2,0,0,0,0,-3
2025-04-08,11,0,-3,0,0,0,0,0,0,0
2025-04-09,9,0,-3,0,0,0,0,0,0,0
2025-04-10,10,-1,-1,0,0,0,0,0,0,0
2025-04-11,10,-4,-3,0,1,0,0,0,0,2
2025-04-14,11,-4,-3,0,0,0,0,1,0,0
2025-04-15,1,0,0,0,0,0,0,0,0,0
2025-04-16,0,0,0,0,0,0,0,0,0,0
2025-04-17,0,0,0,0,0,0,0,0,0,0
2025-04-18,0,0,0,0,0,0,0,0,0,0
2025-04-21,0,0,0,0,0,0,0,0,0,0
2025-04-22,0,0,0,0,0,0,0,0,0,0
2025-04-23,0,0,0,0,0,0,0,0,0,0
2025-04-24,0,0,0,0,0,0,0,0,0,0
2025-04-25,0,0,0,0,0,0,0,0,0,0
2025-04-28,0,0,0,0,0,0,0,0,0,0
2025-04-29,8,-1,0,0,0,0,0,0,0,0
2025-04-30,0,0,0,0,0,0,0,0,0,0
2025-05-02,8,-1,0,0,0,0,0,0,0,0
2025-05-05,0,0,0,0,0,0,0,0,0,0
2025-05-06,0,0,0,0,0,0,0,0,0,0
2025-05-07,0,0,0,0,0,0,0,0,0,0
2025-05-08,0,0,0,0,0,0,0,0,0,0
2025-05-09,0,0,0,0,0,0,0,0,0,0
2025-05-12,0,0,0,0,0,0,0,0,0,0
2025-05-13,0,0,0,0,0,0,0,0,0,0
2025-05-14,0,0,0,0,0,0,0,0,0,0
2025-05-15,0,0,0,0,0,0,0,0,0,0
2025-05-16,0,0,0,0,0,0,0,0,0,0
2025-05-19,0,0,0,0,0,0,0,0,0,0
2025-05-20,0,0,0,0,0,0,0,0,0,0
2025-05-21,0,0,0,0,0,0,0,0,0,0
2025-05-22,0,0,0,0,0,0,0,0,0,0
2025-05-23,0,0,0,0,0,0,0,0,0,0
2025-05-26,0,0,0,0,0,0,0,0,0,0
2025-05-27,0,0,0,0,0,0,0,0,0,0
2025-05-28,0,0,0,0,0,0,0,0,0,0
2025-05-29,0,0,0,0,0,0,0,0,0,0
2025-06-02,0,0,0,0,0,0,0,0,0,0
2025-06-03,0,0,0,0,0,0,0,0,0,0
2025-06-04,0,0,0,0,0,0,0,0,0,0
2025-06-05,16,-2,0,0,0,0,0,0,0,0
2025-06-06,16,-1,0,0,0,0,0,0,0,-2
2025-06-09,2,0,0,0,0,0,0,0,0,0
2025-06-10,0,0,0,0,0,0,0,0,0,0
2025-06-11,0,0,0,0,0,0,0,0,0,0
2025-06-12,0,0,0,0,0,0,0,0,0,0
2025-06-13,0,0,0,0,0,0,0,0,0,0
2025-06-16,0,0,0,0,0,0,0,0,0,0
2025-06-17,0,0,0,0,0,0,0,0,0,0
2025-06-18,0,0,0,0,0,0,0,0,0,0
2025-06-19,0,0,0,0,0,0,0,0,0,0
2025-06-20,0,0,0,0,0,0,0,0,0,0
2025-06-23,0,0,0,0,0,0,0,0,0,0
2025-06-24,0,0,0,0,0,0,0,0,0,0
2025-06-25,0,0,0,0,0,0,0,0,0,0
2025-06-26,0,0,0,0,0,0,0,0,0,0
2025-06-27,0,0,0,0,0,0,0,0,0,0
2025-06-30,0,0,0,0,0,0,0,0,0,0
2025-07-01,0,0,0,0,0,0,0,0,0,0
2025-07-02,0,0,0,0,0,0,0,0,0,0
2025-07-03,0,0,0,0,0,0,0,0,0,0
2025-07-04,0,0,0,0,0,0,0,0,0,0
2025-07-07,0,0,0,0,0,0,0,0,0,0
2025-07-08,0,0,0,0,0,0,0,0,0,0
2025-07-09,0,0,0,0,0,0,0,0,0,0
2025-07-10,0,0,0,0,0,0,0,0,0,0
2025-07-11,0,0,0,0,0,0,0,0,0,0
2025-07-14,0,0,0,0,0,0,0,0,0,0
2025-07-15,0,0,0,0,0,0,0,0,0,0
2025-07-16,0,0,0,0,0,0,0,0,0,0
2025-07-17,0,0,0,0,0,0,0,0,0,0
2025-07-18,0,0,0,0,0,0,0,0,0,0
2025-07-21,0,0,0,0,0,0,0,0,0,0
2025-07-22,0,0,0,0,0,0,0,0,0,0
2025-07-23,0,0,0,0,0,0,0,0,0,0
2025-07-24,0,0,0,0,0,0,0,0,0,0
2025-07-25,0,0,0,0,0,0,0,0,0,0
2025-07-28,0,0,0,0,0,0,0,0,0,0
2025-07-29,0,0,0,0,0,0,0,0,0,0
2025-07-30,0,0,0,0,0,0,0,0,0,0
2025-07-31,0,0,0,0,0,0,0,0,0,0
2025-08-04,0,0,0,0,0,0,0,0,0,0
2025-08-05,0,0,0,0,0,0,0,0,0,0
2025-08-06,0,0,0,0,0,0,0,0,0,0
2025-08-07,0,0,0,0,0,0,0,0,0,0
2025-08-08,0,0,0,0,0,0,0,0,0,0
2025-08-11,0,0,0,0,0,0,0,0,0,0
2025-08-12,0,0,0,0,0,0,0,0,0,0
2025-08-13,16,-2,3,0,0,0,0,0,0,0
2025-08-14,16,-2,4,0,0,0,0,0,0,0
2025-08-15,16,-2,3,0,0,0,0,0,0,0
2025-08-18,16,-2,3,0,0,0,0,0,0,0
2025-08-19,16,-2,4,0,0,0,0,0,0,0
2025-08-20,17,-2,2,0,0,0,0,0,0,1
2025-08-21,17,-2,2,0,0,0,0,0,0,1
2025-08-22,17,-2,3,0,0,0,0,0,0,0
2025-08-25,16,-2,3,0,0,0,0,0,0,0
2025-08-26,16,-2,4,0,0,0,0,0,0,0
2025-08-27,16,-2,3,0,0,0,0,0,0,0
2025-08-28,16,-1,1,0,0,0,0,0,0,0
2025-08-29,16,-2,3,0,0,0,0,0,0,0
2025-09-01,4,0,0,0,0,0,0,0,0,0
2025-09-02,0,0,0,0,0,0,0,0,0,0
2025-09-03,0,0,0,0,0,0,0,0,0,0
2025-09-04,0,0,0,0,0,0,0,0,0,0
2025-09-05,0,0,0,0,0,0,0,0,0,0
2025-09-08,0,0,0,0,0,0,0,0,0,0
2025-09-09,0,0,0,0,0,0,0,0,0,0
2025-09-10,16,-1,0,0,0,0,0,0,0,0
2025-09-11,16,-1,1,0,0,0,0,0,0,0
2025-09-12,3,0,0,0,0,0,0,0,0,0
2025-09-15,0,0,0,0,0,0,0,0,0,0
2025-09-16,17,-1,0,0,0,0,0,0,0,0
2025-09-17,17,-1,1,0,0,0,0,0,0,0
2025-09-18,17,-1,1,0,0,0,0,0,0,0
2025-09-19,17,-1,0,0,0,0,0,0,0,0
2025-09-22,4,0,0,0,0,0,0,0,0,0
2025-09-23,17,-2,4,0,0,0,0,0,0,1
2025-09-24,0,0,0,0,0,0,0,0,0,0
2025-09-25,0,0,0,0,0,0,0,0,0,0
2025-09-26,0,0,0,0,0,0,0,0,0,0
2025-09-30,0,0,0,0,0,0,0,0,0,0
2025-10-01,0,0,0,0,0,0,0,0,0,0
2025-10-02,0,0,0,0,0,0,0,0,0,0
2025-10-03,0,0,0,0,0,0,0,0,0,0
2025-10-07,0,0,0,0,0,0,0,0,0,0
2025-10-08,0,0,0,0,0,0,0,0,0,0
2025-10-09,0,0,0,0,0,0,0,0,0,0
2025-10-13,0,0,0,0,0,0,0,0,0,0
2025-10-14,0,0,0,0,0,0,0,0,0,0
2025-10-15,0,0,0,0,0,0,0,0,0,0
2025-10-16,0,0,0,0,0,0,0,0,0,0
2025-10-17,0,0,0,0,0,0,0,0,0,0
2025-10-20,0,0,0,0,0,0,0,0,0,0
2025-10-21,0,0,0,0,0,0,0,0,0,0
2025-10-22,0,0,0,0,0,0,0,0,0,0
2025-10-23,0,0,0,0,0,0,0,0,0,0
2025-10-27,0,0,0,0,0,0,0,0,0,0
2025-10-28,0,0,0,0,0,0,0,0,0,0
2025-10-29,0,0,0,0,0,0,0,0,0,0
2025-10-30,0,0,0,0,0,0,0,0,0,0
2025-10-31,0,0,0,0,0,0,0,0,0,0
2025-11-03,0,0,0,0,0,0,0,0,0,0
2025-11-04,0,0,0,0,0,0,0,0,0,0
2025-11-05,0,0,0,0,0,0,0,0,0,0
2025-11-06,0,0,0,0,0,0,0,0,0,0
2025-11-07,0,0,0,0,0,0,0,0,0,0
2025-11-10,13,-2,0,0,0,0,0,1,0,0
2025-11-11,3,0,0,0,0,0,0,0,0,0
2025-11-12,0,0,0,0,0,0,0,0,0,0
2025-11-13,0,0,0,0,0,0,0,0,0,0
2025-11-14,0,0,0,0,0,0,0,0,0,0
2025-11-17,0,0,0,0,0,0,0,0,0,0
2025-11-18,0,0,0,0,0,0,0,0,0,0
2025-11-19,0,0,0,0,0,0,0,0,0,0
2025-11-20,0,0,0,0,0,0,0,0,0,0
2025-11-21,0,0,0,0,0,0,0,0,0,0
2025-11-24,0,0,0,0,0,0,0,0,0,0
2025-11-25,0,0,0,0,0,0,0,0,0,0
2025-11-26,0,0,0,0,0,0,0,0,0,0
2025-11-27,0,0,0,0,0,0,0,0,0,0
2025-11-28,0,0,0,0,0,0,0,0,0,0
2025-12-01,0,0,0,0,0,0,0,0,0,0
2025-12-02,0,0,0,0,0,0,0,0,0,0
2025-12-03,0,0,0,0,0,0,0,0,0,0
2025-12-04,0,0,0,0,0,0,0,0,0,0
2025-12-05,0,0,0,0,0,0,0,0,0,0
2025-12-08,0,0,0,0,0,0,0,0,0,0
2025-12-09,0,0,0,0,0,0,0,0,0,0
2025-12-10,0,0,0,0,0,0,0,0,0,0
2025-12-11,0,0,0,0,0,0,0,0,0,0
2025-12-12,0,0,0,0,0,0,0,0,0,0
2025-12-15,0,0,0,0,0,0,0,0,0,0
2025-12-16,0,0,0,0,0,0,0,0,0,0
2025-12-17,0,0,0,0,0,0,0,0,0,0
2025-12-18,0,0,0,0,0,0,0,0,0,0
2025-12-19,0,0,0,0,0,0,0,0,0,0
2025-12-22,0,0,0,0,0,0,0,0,0,0
2025-12-23,0,0,0,0,0,0,0,0,0,0
2025-12-24,0,0,0,0,0,0,0,0,0,0
2025-12-26,0,0,0,0,0,0,0,0,0,0
2025-12-29,0,0,0,0,0,0,0,0,0,0
2025-12-30,0,0,0,0,0,0,0,0,0,0
2025-12-31,0,0,0,0,0,0,0,0,0,0
2026-01-02,0,0,0,0,0,0,0,0,0,0
2026-01-05,0,0,0,0,0,0,0,0,0,0
2026-01-06,0,0,0,0,0,0,0,0,0,0
2026-01-07,0,0,0,0,0,0,0,0,0,0
2026-01-08,0,0,0,0,0,0,0,0,0,0
2026-01-09,0,0,0,0,0,0,0,0,0,0
2026-01-12,0,0,0,0,0,0,0,0,0,0
2026-01-13,0,0,0,0,0,0,0,0,0,0
2026-01-14,0,0,0,0,0,0,0,0,0,0
2026-01-15,0,0,0,0,0,0,0,0,0,0
2026-01-16,0,0,0,0,0,0,0,0,0,0
2026-01-19,0,0,0,0,0,0,0,0,0,0
2026-01-20,0,0,0,0,0,0,0,0,0,0
2026-01-21,0,0,0,0,0,0,0,0,0,0
2026-01-22,13,-2,0,0,0,0,0,1,0,0
2026-01-23,2,0,0,0,0,0,0,0,0,0
2026-01-26,16,-3,3,0,1,0,0,0,0,0
2026-01-27,2,0,0,0,0,0,0,0,0,0
2026-01-28,17,-1,0,0,0,0,0,0,0,0
2026-01-29,15,-1,1,0,0,0,0,0,0,0
2026-01-30,15,-1,1,0,0,0,0,0,0,0
2026-02-02,15,-1,0,0,0,0,0,0,0,1
2026-02-03,0,0,0,0,0,0,0,0,0,0
2026-02-04,0,0,0,0,0,0,0,0,0,0
2026-02-05,0,0,0,0,0,0,0,0,0,0
2026-02-06,0,0,0,0,0,0,0,0,0,0
2026-02-09,0,0,0,0,0,0,0,0,0,0
2026-02-10,0,0,0,0,0,0,0,0,0,0
2026-02-11,0,0,0,0,0,0,0,0,0,0
2026-02-23,0,0,0,0,0,0,0,0,0,0
2026-02-24,0,0,0,0,0,0,0,0,0,0
2026-02-25,0,0,0,0,0,0,0,0,0,0
2026-02-26,0,0,0,0,0,0,0,0,0,0
2026-03-02,0,0,0,0,0,0,0,0,0,0
2026-03-03,0,0,0,0,0,0,0,0,0,0
2026-03-04,0,0,0,0,0,0,0,0,0,0
2026-03-05,0,0,0,0,0,0,0,0,0,0
2026-03-06,0,0,0,0,0,0,0,0,0,0
2026-03-09,0,0,0,0,0,0,0,0,0,0
2026-03-10,0,0,0,0,0,0,0,0,0,0
2026-03-11,0,0,0,0,0,0,0,0,0,0
2026-03-12,0,0,0,0,0,0,0,0,0,0
2026-03-13,0,0,0,0,0,0,0,0,0,0
2026-03-16,0,0,0,0,0,0,0,0,0,0
2026-03-17,0,0,0,0,0,0,0,0,0,0
2026-03-18,0,0,0,0,0,0,0,0,0,0
2026-03-19,0,0,0,0,0,0,0,0,0,0
2026-03-20,0,0,0,0,0,0,0,0,0,0
2026-03-23,0,0,0,0,0,0,0,0,0,0
2026-03-24,0,0,0,0,0,0,0,0,0,0
2026-03-25,0,0,0,0,0,0,0,0,0,0
2026-03-26,0,0,0,0,0,0,0,0,0,0
2026-03-27,0,0,0,0,0,0,0,0,0,0
2026-03-30,0,0,0,0,0,0,0,0,0,0
2026-03-31,0,0,0,0,0,0,0,0,0,0
2026-04-01,0,0,0,0,0,0,0,0,0,0
2026-04-02,0,0,0,0,0,0,0,0,0,0
2026-04-07,0,0,0,0,0,0,0,0,0,0
2026-04-08,0,0,0,0,0,0,0,0,0,0
2026-04-09,0,0,0,0,0,0,0,0,0,0
2026-04-10,0,0,0,0,0,0,0,0,0,0
2026-04-13,0,0,0,0,0,0,0,0,0,0
2026-04-14,0,0,0,0,0,0,0,0,0,0
2026-04-15,0,0,0,0,0,0,0,0,0,0
2026-04-16,0,0,0,0,0,0,0,0,0,0
2026-04-17,0,0,0,0,0,0,0,0,0,0
2026-04-20,0,0,0,0,0,0,0,0,0,0
2026-04-21,16,-3,3,0,2,0,0,0,0,0
2026-04-22,1,0,0,0,0,0,0,0,0,0
2026-04-23,16,-3,2,0,2,0,0,0,0,0
2026-04-24,2,0,0,0,0,0,0,0,0,0
2026-04-27,0,0,0,0,0,0,0,0,0,0
2026-04-28,16,-6,1,0,5,0,0,0,0,0
2026-04-29,16,-3,3,0,2,0,0,0,0,0
2026-04-30,16,-3,3,0,2,0,0,0,0,0
2026-05-04,18,-4,0,0,1,0,0,2,0,0
2026-05-05,16,-6,0,0,5,0,0,0,0,1
2026-05-06,16,-6,0,0,5,0,0,0,0,1
2026-05-07,16,-6,0,0,5,0,0,0,0,1
2026-05-08,16,-6,1,0,5,0,0,0,0,0
2026-05-11,1,0,0,0,0,0,0,0,0,0
2026-05-12,0,0,0,0,0,0,0,0,0,0
2026-05-13,11,0,0,0,0,0,0,0,0,-2
2026-05-14,10,0,0,0,0,0,0,0,0,-2
2026-05-15,10,0,0,0,0,0,0,0,0,-2
2026-05-18,9,0,0,0,0,0,0,0,0,-2
2026-05-19,8,0,0,0,0,0,0,0,0,-2
2026-05-20,9,0,0,0,0,0,0,0,0,-2
2026-05-21,9,0,0,0,0,0,0,0,0,-2
2026-05-22,10,0,0,0,0,0,0,0,0,-2
2026-05-25,0,0,0,0,0,0,0,0,0,0
2026-05-26,0,0,0,0,0,0,0,0,0,0
2026-05-27,0,0,0,0,0,0,0,0,0,0
2026-05-28,4,0,0,0,0,0,0,0,0,-1
